:020000040000FA
:08180000E66F1C22C523534BC7
:020000040000FA
:101E0000905C3F2A7A94A6992803F5C9F7639B084A
:101E1000D343A6C5570C60FB559E92715F18F81FFF
:101E2000DE8F41F5F298E35DC13BD0B8B9955127FB
:101E3000DE34DE1A55A9C33FB1A72D001EAEED302A
:101E4000DD161F95D98FAE10EC71A32B688E395714
:101E5000DD8D7E7A2AF4C4729EED8A936CF7E7409A
:101E60005C61E64AFF7FE1D41348EB5AC6F88378F9
:101E7000887A95A5AD0772B6995453E2D7A3136F2C
:101E80004B275B548D25D48AE644B40CCCBA50B7AA
:101E90009DB580BB59DBE4E8667947B40BEF3EA003
:101EA000D352A48BE91FFB4E55DC777D804E4A98B8
:101EB000EFC9CD6428DF722CA640B9C5DCCA298FD2
:101EC000DCCB29EB036A7C0379970CEE51D7C0E891
:101ED000DC70A604B03AE561080B115615D175FF08
:101EE000D9BC6734E061BAC77FA1E89F03A3DAC712
:101EF0005805A6DB128161A5ED338627BAD8BED07E
:101F0000E0630CD6410701BE8CCF6F438FD5E877D5
:101F1000F1B1E539828F8BDC7F5270FB138E5260FA
:101F2000D7C43F094605CC7AE2F72B32CA23F258D0
:101F3000D38F12E613B45D189A6A3E8A6B584F4FDE
:101F4000E28DF3694CE0083746BC51A19CB8A22849
:101F500082B614868E698A5555DE4D19BA43283FDC
:101F600046D8DAB6CDBA54F3A385CED0A431B007A3
:101F70001F4B01590EC39691D1190168074AD4101D
:101F8000D59EFFA8A9C680AD8AF1418655F1CDC87E
:101F900025DA8F47BB4347CF612B8A3E96EA20DF85
:101FA000D1EC1877DFCAD6697A1151F7FDF80EE740
:101FB000D0523F983DB3C60B098D9C4F328346F0FB
:101FC00033F0F81757DE802450ABE9643CE35D97AB
:101FD000D3CFE1F8F6B6C14648CE2ADC881AC180D4
:101FE000D007A6C8DBAFF0E0B023EA150157F0B880
:101FF000DCBC12271854C682447FE4ADAE6FA2AF9A
:10200000EF6114DDB3BC4E584A396A8907AF2F2AF5
:102010009F2140327D41683ABBA409312D12EF3D2A
:10202000EC1753023989F09CDFFA27F85818080595
:102030006D59A2EDFF427BFE199C6C40A564D51240
:10204000648B3C62B52F36D183D0026B149FE97547
:10205000E82FFD8D44A551B341D040D35D2BD26212
:102060002AFC77BD540CF115BC76111AD374F35ABF
:102070006247C152FA5002779FEC3CA2F582AF4D05
:102080006FBE67A3A2F6B74B57DACD4CB1379F9519
:102090006005FD4CE60D192923460DF49F4E7E8206
:1020A000E3CCB87CA307E08F3B66223DF2CF5DBA5C
:1020B0006074C193857CD8ED22FFB785B1AAF3ADDA
:1020C00061532E1CD73966C295A9F8AEA3DB0FCA9F
:1020D000A6B0A7F3996FF7A06AB57B162FA024DDF1
:1020E000E2A0CBC321E37B061B953EDF6AAD6EE524
:1020F000601AD62C6D992864F1F3AA674A529BF2B4
:10210000EA5A73218EA4807F88F46D0394DF9A5578
:1021100064ED27CE48DD4B1D10EDC7BB51A19342A6
:102120000DA820FE8353EEBB054D3572B1A8A67AEB
:102130007B12CC11C0565ED96C5513CA96D6CA6DA7
:102140007C30F09E0A465BF62A8703E160325A0A29
:1021500065CF0F714B42D3945D1FB25945CD921D8F
:1021600069478F418CB5DF32CFBE9C902EC492253B
:102170006FFC3EAECFC9D450BC5EB428F7C48832E1
:1021800068022F5F956A9F6CFE9775C64581DEEAEF
:10219000D4BA7CB058E3CD0E0F7A6B7E18F9F5FDFA
:1021A0000D545A80139916A81AA0F7B7F1745DC59B
:1021B00061CEBA6FD0E050CA02B1630F2E92B4D292
:1021C000E07285E01692D9E562673D24096F05B596
:1021D00069D0E80F3DA48287E0F9C79C1136B3A20D
:1021E0004C9A763F7D2EC421715C9755FDBB1F9A9A
:1021F0004A21C9D05482A543CAC7DBED3AD4228D07
:1022000071288025DC0493161B213F9DEDBBFDD476
:1022100071993FCA9FF95374E938F0254FFA12C3F8
:10222000706507FAD3731DD2759DA3EC297264FB08
:10223000B9D72515128BE7B004001754160CC9EC5A
:10224000BBE8199A91F3059F1FDF957F636C678B3D
:10225000BB4FA675121A6AFDA04883C7D7E7109C2A
:102260007E7B1F455EE4FC5B00EDE30E5EBAFCA4E2
:10227000CD3235AA946C2039CD73A5B66F1E4EB3FE
:10228000159F265B3331F805BF413F58D75BDB6BA9
:10229000CE767FB408C7A767772F66E01528B07C95
:1022A00063B88A84443D73C18B5276299FAC9844AD
:1022B00085FC286B7BBBA3A392E6B8912DD7F25384
:1022C000772110E4C229CE8CCC3076BACB37BD341E
:1022D000F3986E0BFDAF33EEB6ACCE021543D323AD
:1022E00075567B3BC4DAA4482909ACCB8541EC1B6D
:1022F000776D2BD402A1652AA76A5C73A03AB90C4A
:1023000078A9FDD9839CE7315BE996179B3702AB2F
:102310006E12593660E7025348F639AFAB4E67BCD0
:102320007BDF0706056FCBF55A28B266C6C1F68477
:102330001945E7E9B3168F9721CCE7DEF1BB799316
:102340007AC6EA666FFB2DB8F21B61F5045B47F4B1
:10235000F97C5589AE03EDDA0107AC4D202123E36A
:102360007C08F6B9ACA2A77C67239D84CBAD2EDB9D
:102370007E7B5E56A801181EE6BFE63C1CA81FCC5B
:102380008D8B16A799425D22D470C4D2A313031477
:102390008830B148132BDC40D58C826A8D08FE034F
:1023A000F29CF8787D270BE643B46BA38A1A0D3BA9
:1023B0003AB8CB97D9D04384F22A911B2861692C73
:1023C0003B9AF41894BD0CABACFCFF30D107F34B37
:1023D0001D21C1F70BCE91C9AA63BC886EFC875C36
:1023E0001CFC01C74E42D76F3DC0EC410EF45C644B
:1023F00077563128B03F0B0DFF5F74F9C78C2A73F5
:102400004C887C2DE0CA4FC4600C27A05AB789D6EF
:102410004831C1C227B18FA61692EA18F9CEEFC192
:1024200041FF13F26A39DB008935A8D1184151F90F
:10243000B9B9C51D28C00162782876693EBA25EE73
:10244000C1E78A92E5A9E54D41836842C45B2089D2
:10245000CC5D0C7D5CD17C2F5962EFFAE6A2049E24
:102460005E139E4DF0581889774E5D33082CCEA62A
:10247000AD97B1A22E4DE9EB3CD9308BA95459B19F
:1024800048576153FD87C7D7F068C265676F3169E8
:102490004D6CADBCBBFC3CB503740FDD4315557EE4
:1024A000CDA06D8CF8F5411317D26514AC9BF8469E
:1024B0002C99066338FCF17169BCE6AC0C92EE51C4
:1024C00018BB09EC1763585E5C92CE872A00403631
:1024D0007B023F038419633CBCF9D73FBD71F721F0
:1024E00002CC73339583239ABDA308F6C40B8D19D0
:1024F0004D8AD9DC34EB79F854C0484EBA8F240E9B
:10250000CBAE7ED1D84B9DE3C35C292AA904E8A9B0
:102510006C88783E91854281595F62920CD144BEAD
:102520002546850ED42F0427C8FA325BE57CE88661
:1025300027FD3AE1095EF545666E57E3C2096F91E2
:10254000ACE08E6EABB37D6A6BB139C82675ABF665
:10255000CF6D1081AD5150086925F670A108CFE10B
:1025600011B5F8B12D45F9AE268931B987984BD907
:102570007A13F85E913C84CC2C15FE0150EB2FCEE3
:1025800006EC38AFA71BA0F0EF25EDEF1ADC4B16D9
:102590007E578740046A6292E9B92257A82B5701F7
:1025A0005C83F87046EDF43434993D9E21AEFB39DE
:1025B0007320F89F87159E567480BD2696D59F2E52
:1025C0007402C710CAF4A9790A4E6C0D85B073491C
:1025D0004E3C37FF8D1C581B6BCA21B5AFCD155E25
:1025E000C0F7F5CFC40DF6BD73EC007C4A46B76664
:1025F000CC4A4C200B7232DF0BF56DC461BBED7120
:10260000DAFFB0D5464A948AB094E9B433587228B8
:102610004A465C3A8D3355E8530AE60CD01BFA3F24
:1026200095CF610A8783BD4E15EFDAC5B7E355072D
:10263000D5B173E50AB3D12C6966167DD0D49D104F
:102640009842E26A0A94380305E4A256AC457177D1
:1026500051582485C71E22617C785DEE13D60C602C
:10266000D96603B587E78CC7FA5F7127814754584D
:102670005BDFCB5A5905BEA56E43B59FC1BB344F36
:10268000A0DF0BAB0AA6E2992673A6710107289773
:10269000BA1FCF44B2C2D5FBD3EC2FC9B5E0BC8082
:1026A000535303741EC9965DBEB64E00467D0BB8EB
:1026B00083EDC69B0C34A23F6ED408B803F1FBAF88
:1026C00058C66014CF5869106207A0936D91C7C8AF
:1026D000707586FB57BF2F729300A92BBF8A2ADF24
:1026E0005EBFC4CB1D2CBED4823A7CE2D99C40E7AD
:1026F000DE067B245123B4B6F556295AF9EC0CF0CA
:10270000D1C96529BBE336AD95553C3E46EE3257FF
:10271000580D20C6FF9597CF62360E864E946240C4
:102720003131A3F6E41FD9698162B84F6F10287860
:10273000348ACF1914676E0BFF7A67F79E63136FA5
:1027400044A97C960A0FD824CC2CE0DCC6000108F2
:10275000E819ED797671F746A2B5AC647F7C081F65
:10276000D6DB4049B4FD1FE0B0153CAD11F6B327F0
:1027700052677AA678798382458C3C15518A293034
:10278000B11FDE57462761BE683900FB1E1799E866
:102790002C235DB8E8635FDC7A263943D24E7CFF98
:1027A00014DF608853D14A7AEE84F18A09C3DEC708
:1027B000D4D570676EAA4218FE1F29321C3D5CD02A
:1027C00059F0EEE8A241A6374A4BF01964DB58B73E
:1027D000A431B907E0BCF755B9D3A4A14EA29CA07F
:1027E000D9830B37A936CAF3C7F6AC684DAE6198EA
:1027F00032B8E4D88ECE2A91D632D0D003552F8F5E
:10280000B638403C835BDE61EE593EDA3D5E1DD357
:1028100039805ED34520BD03FD4742621F2740C477
:1028200021CD7AE382628BA57D62FBABF6A9E4FC45
:102830002D76C60C445003C715FEAD1357D228EBB6
:10284000B8D48583083FECE8C6A9293820FAFF8C64
:1028500036EF486CCF47878A3EB49B8082CAD19BB3
:102860003823F25C0D4D692CA210B649EEC5DDA3EC
:10287000399837B34FB7084ED1C593F13FC0C2B4B2
:102880005E4575421E1788729F3F511FE4068A6C91
:1028900056DD75ADDC9EDC1065D14BA7210F287B82
:1028A0006011859DFEE57CB69A8C5D6EC9721E43F3
:1028B0003253AE720E9CC3D4BE18CDD67E08FE54E1
:1028C0006B8805FD05F04CFB5951A3FD92F6C23310
:1028D000B0AD3312D28CCA99A1546C45D7125F2483
:1028E000316EF3229D938C3F4AF6858C329F551CA6
:1028F0002745C0CD427ACE5D276BAC34EBE4E20BCA
:102900005E055CC0CE411A46A89C355057E21DAC0E
:1029100050ABCB2F6D39D824DF33DBE8BB93C9BB79
:10292000B3F7C21FD7B76A82C4ADEB21819C9683EF
:10293000B849DFF07D4B1FE0B4301C99D89B1B9445
:10294000E2EF347F305224CF6D143BB260052AF39E
:10295000C3ABAB900E246EAD2F79630AF2875EE4B1
:1029600033986CA04CAE300BE9DDBCC3EF0DE2DC5C
:102970003123F44F7C287B69FB41CD7BDDAB09CB58
:1029800033DE13BE2B8B4955B3F10A95F6B07F1396
:10299000B0E55E51E8F2FB3742EF452DD6CB93040C
:1029A00037AB7D61AF7A5F9154CA0DE4BCC4C43CBF
:1029B00032131A8E9DFEE5F3A5D48E5C9320BF2BB7
:1029C000BDAD7201AA73E8DC2C02E177B4DF0E4CD6
:1029D000340F1FEE8145B3BEA49E1BCFAC84B85B01
:1029E000054581DEC1CFF518323B4B064009146323
:1029F00007FE3E31E663837A84A006BE8F52B1742F
:102A000024C9EFC46DE1D72FD4C6EDCED8B7022DBF
:102A10002676412BAD9B614D29DD2D76F649793A1D
:102A2000AC3BEB1B16ED57EB3BF888BF17C52602F6
:102A300025054BF4A4EFEA89BD98C0077E873F15B2
:102A4000AD22437B6406DBA605B1B72C45DA0F72D5
:102A5000261C5C94AFE788C4612D6A9463A51D654C
:102A60002C54EFA46AF1BC62FB0CDB5D092DFE5D0A
:102A7000A6EB214B28087C0081152CE527D2A04A23
:102A8000A91037BA72DF523C44D4730B6B18CE9244
:102A90009AABB855D476D05E8FB829B3C592B485B9
:102AA0002A67F165022340F8CC3DAA7A941E94BDB2
:102AB00048DC488AC55A829ADF81A4C2829DE5AA71
:102AC000DB01F8057EC944B52E57EDE9F37559CD04
:102AD00028B5D1EABE499BD7E3CB1F5135772BDA16
:102AE0003A8982DAF13B4B710E469498BBF303E2CC
:102AF0002B3227353B42B91315F2FA209F081AF5FD
:102B0000A274D838A382FC08F50E5444DE0A4D5254
:102B100022CDBBD71D04D56A87124EFC04FC834529
:102B2000DAFE74E7D98E44CC903726356873C27DBF
:102B300022BAD10822F7B7AE2D22DC8D4D09DB6A0F
:102B40002A99F987469A3581B7E2D2A631F7210D45
:102B5000A9BCCF6891E7B3E34FE41D1E7413BC1A00
:102B60002E7F0F58DCF9F5450444F4D7F5EEF0223A
:102B70002FA4AFB71CE82A27BED8066FCCE7A33531
:102B800012E8EE46C431871BD11600811D76CEEDCA
:102B90002F104DA937363879135C0139B7257FFAE4
:102BA0003DD521994C48C1DFFAD120F056A957C232
:102BB0002166DF7680B940BDF6CDAC4871D16BD5CA
:102BC000DBBA0BF9DF54EB92AA9B396380B39FB257
:102BD000B3FEB916EA2DA6F04807E9DBA457B3A562
:102BE0002032AE26CDA765562EA29E122EC56F9D11
:102BF000228911C90EDEA7345C3F50AA89BF0A8A18
:102C00004BAACECC96A9D4FD2A688BF30086D92F87
:102C1000F56E6E231AD0F09FD26BC14B4D62133804
:102C2000903DCE13625AB739825157823F703200BD
:102C3000E46626FC1FAC1E5BB9CDDB3A8D0E001797
:102C40001DBB9173DC4E0A74EBEB2811ED6B7970B0
:102C50001F00BE9C9538AB1613081DA959100467B8
:102C600006CC69AC53BD87B007223160BA6D365FC0
:102C700016771C43DEC1C5D23ABA60D814E61548AF
:102C8000108830B2436707EEDD0E9836505DD49061
:102C90001B33A95D60E0CA8CCF12E38EE126B987B1
:102CA000937E386D2595C72AD0B383471D2FF2BF79
:102CB00011441E827D125B485A2BBDFFD3D021A840
:102CC0001166B90DCD804E677FFDC1D4A7B43DCF4D
:102CD000F2593AE20571490501610E6CEACEF5D868
:102CE0007B1957D24B7390A31AC0BDA580C262E076
:102CF000E1A5293D885289C1E4589E1DE86008F786
:102D0000E7E9853067B567DA09A4337917308E5063
:102D100015ADAFDFA64CA8B8733881C1B04F52478C
:102D200009994FEF68C5281EE0986A085BC6FE7FC8
:102D30000D22F0002FF0217C96011DB0FCBD9A6899
:102D40007850298FE6D22D53AFF7949B88DD2E0F54
:102D500015D3D46021ABE331B14B04232CC6DC186E
:102D60005271CF502A24219761EA54EAC42BD6200D
:102D7000ED3327BF57A77AF5A58D1252A45A6A37AB
:102D8000EA347A4E00F4B3C99D4204BCCD24EAEF84
:102D9000198845A137F263ABC3DEFC040A9FBCF877
:102DA0001B4485917700800D347BACCDE31210C0BD
:102DB00018FF327EA471426F87E58F75C56644D7D0
:102DC000981D7FF104E333405E41A85E95063DB057
:102DD0007162CF1E39F174222D3979E6EA791BA789
:102DE0009E3EF62EFA7B3284B308EF2FC2F0F79F97
:102DF00010118FC1869649E651942097D9C4E48872
:102E000009220F34BE91C6B3EFF140E7C0EAFAD110
:102E10000199BCDB86179DD1FB92A75F498196C6BD
:102E20004C53F5EB7F674277D1CC6696C19C79FE17
:102E300003EEF204EB1B1E15BB54372E6E63B4E990
:102E40000DCCF68BBD76513A267E560515473A8E47
:102E50001E774064FC8DC158A21CD6BD367D6E998C
:102E6000033A6754BC0526FE543B357454F5FBA168
:102E7000F9FF31BBB9FC179C472349CCFE8E03B642
:102E800003FBAF4AA05F59A08E177A2254B1236E7C
:102E900067453DA58EA7E0C29E33509A144A3D79FE
:102EA000008B5C954E940E640E2E9F5379C6724132
:102EB00004B2D87A6955FE067832B9EBA5C3E75655
:102EC0000D21D5F5A3B857292D677CC049DC4331C6
:102ED00065BB331A27F27D4BA4F879780DA6EC2652
:102EE00004664D2AA64B9EED905F25B137298D1EB5
:102EF00040E42AC51232968F41BE7409C350360988
:102F00000099F8C88315BF94443D866D7D5D78AE09
:102F10008A230627C1F5EFF620A953D54A2754B9CD
:102F200048EE951714FEED503205511C35ABB181BA
:102F30008BD479F8C1872232C13052A41779189600
:102F40001B77157787EA601D9A4F6B8F61B3D8F1B5
:102F50008E4EC0984990DE7F6D510637C5825DE682
:102F6000F3FF78A80D5973D979DFA3FE2DEFECDEBE
:102F70002ABBD547496089BB9DEB4A468C3C30C98A
:102F800084DB8BB619C73587C5DB21A8EF871F11F6
:102F90000FFFB6595938FFE5B0457F1042FC7C065B
:102FA0003B706A69D930E943A06191D98771DB3EF2
:102FB00008C944865DCAC421567EA8612F4B3729B3
:102FC0008F29050993247D0E09E94E4ADEE9754EE5
:102FD0000F114CE6511C376CFBF763F299336659BD
:102FE0001DDD87D61BD7FBCA6D13123B719E126184
:102FF0008C67DB39D02FD1A81A8D7C83B767C57653
:10300000DBD9C21E45B9172AAA0C002E7F89E7D941
:10301000DD61D5F1800375482D6EBC965C73FDCEE5
:10302000DAAEBCC1C34A92EE41359F5FB7801FF64E
:10303000D5E64D2E8480198C8552D4E791047AE12F
:10304000BF34C5A12F9DEEA3F7811DCC05E55986A0
:103050000C70514E0F5A18C112E3FC74A69D649176
:10306000CE3B097E4EEE406716BBDBBDBAEA2BA90C
:10307000EAF8AB919E960E05042566050FD94BBE66
:10308000D807D360EC345239DC14F9EB4062506657
:10309000D8BC6C8F9252565BBB8DF053B4282A710A
:1030A000997014BF5BC728FDA9AC909A0BA5714914
:1030B0005E4A5C509C22149F5C24A922AEDFBD5E58
:1030C000DF61CBDFD24304B004FE9809DCBF513985
:1030D000B252D13007A2CFD23EFECEB179C4022E79
:1030E0002F191200DABFDF746CC058781CD6161680
:1030F000553A92EF935C1D1694C797C0E385530130
:1031000033D64BE203D1460DF3805EA40F3F7AA67F
:10311000166DF40D86A8846FA614911C38F36AB15D
:1031200057A1343D7E917DC92EB6C9D50E79CE8981
:10313000D7AC54D2B0EC7FABEC9AAC6DA9BAE39E9D
:10314000D48F5A5D38364F84204CF84693D23CF9E0
:10315000C634B4B29AF815E6CDD00DFE27A945EED7
:1031600073F85382CF725340ED756737D32489D6F5
:103170001DBCEC6D9F0BA12266E1718F7B59DCC1F8
:103180001F0BB49C61A8CD1EE1D9816126E4911981
:10319000410793732CD1357C804553D9049FD20EBF
:1031A00070CB534367E9D9DA9A52B41055A1EE3681
:1031B0006DC37CAC02228BB8777CBEA85CE947214A
:1031C000D3538F2360CE9897AA1D1D8338BEBE4669
:1031D000735EF4CC93819EF55831A63B91724251B7
:1031E000D0054AFC6414A653CD23FCF2E4470869D9
:1031F000D19E2513B8C5A531B30F844A8033127E02
:10320000851F40E6A9C25364096AF83A87E5722728
:10321000CB1648090EAAC90674F27282B91A463052
:10322000C1DFD939A0B446A06655BB4B67ECA008F6
:10323000CF61F7D6EB48C8C21BCF9AF37168BE1FA7
:103240005CBC2F59EF8D2DEDC41913D80E08F878FA
:10325000C74C00B6FCE8EF8F9930AB6012C6316FF7
:103260005D34508669D146296E26D2A90BFBB4572E
:10327000868B5669AAAE4D4B53BCA5116B9A16406E
:10328000D77008983E13D8770F73B7FF23B99B9870
:1032900080CFEF7775756415680F94479BBA118FCF
:1032A0004180BE4730FF22B3F72A918E685704B79A
:1032B00042A390A89D86E1D10A29DD3636B3D9A074
:1032C0002D918C275B64F2FE57FFB31D03D3E5C736
:1032D000CD2383C87C925C9C166346A594A8BBD082
:1032E000E6E9AFF821180D3AC7C6166C9CDA2DE84E
:1032F000CE51A917FE635158CB5A3ED4D95E7CFFFC
:10330000E3162E1A9E5E2B4321A788B0AF556B584B
:103310008EA828F51623E921553AFF08CFB7C94FE3
:103320004AFEE8C590B26987939FAEC1ABA5E67728
:1033300096DAEE2A3FDB88E5508C3D790FDE82601D
:10334000C7F8E1A58EB99BCAEED535521DBE3B0725
:10335000A352D14A44C059A8C949C0EA143AE0105E
:10336000C08C177A1148A60E04EC772332487928CE
:10337000C4341195D633646C7C71E69BDB35573FC2
:103380008BCE6864CE943850B3404D75BB888BE7C4
:10339000A461D18B42E97332C5DED4CDF9710FF04F
:1033A000C3BFF0BB80E05B945679D204957810C817
:1033B0002508445424959AF6C4EA40BCD28AC4DF56
:1033C000C6252FDB8DF7CFD9E984EA97466448B844
:1033D000492E01344E0EADBB0BAFBC2FE31EB7AF71
:1033E00057E5C9040B044B1D1CBD75E60892809778
:1033F00038417EEBC8FD297FEE96235EADE87F80E5
:1034000073824EEE1D0A27B6956A430769700B2535
:10341000F28E1E012F5C3AD48C5E59BF242BB6323B
:10342000BD5A70319A7B91721FF94D760C09820A50
:10343000FAFD55DED0846D106760C9CEC458341DC6
:10344000F1DB28512EDFF93FFF017DE5640ED27AD2
:103450001ED306BED2EA835D422F235DA376B66DEE
:103460003F1CC68EC82F7DFB3A3BE294754B8B55B3
:10347000F212506154E396994719EA2C32BFB142D7
:1034800016E77790E7CB2DA56E26AFC2FD8B4D9A40
:103490009642297FCC39E6C7953E3E7A30F5C88DF5
:1034A0007C1A084F9DB7D0616B1064B333F267B5D7
:1034B000F724E8A04ACE8C03F382470B74065FA280
:1034C0007406A92F2A61C22CC215F720E62935C53A
:1034D000F5BD5CC038D50D4EF7D8D098A71D07D2E2
:1034E0007571D6F0BC9246E8272C6851A8DFFDEA3A
:1034F000F4CA231FBE26898A92E14FE9E9EBCFFD8A
:10350000788F57122B173991D20C188DD3E77C5A2C
:10351000EA3170FD1590B9F390D0983576C4884D96
:10352000F9FDB0CD511AFF553535C8FC9F105A75BD
:10353000F9409722EE9DEC3746A948443931406264
:10354000796138ADA47E1918E5802B6F4C0B02050C
:103550007ADA1742E589F27A5AA3A6D7EB2918122C
:10356000FB134F725CFDF6DCFF46F61E02FDCA2A15
:10357000F7ACEA9DEBE4B0BE8EDE39A66A363F3D7D
:103580000DACF76CE067CD82C7EEB94873822BE5CE
:103590007557F0835B1E0FE0157ABDF0FDF94FF211
:1035A00084A5F8B3C6AB8146AAD3CA39AB73EBCABC
:1035B000F5D7685C7AEA8324D84B52810BB060DD82
:1035C000B0B991D33DBFA10B8D996AAA895763BA4F
:1035D00077992E3C74D92769739A1D125EB438AD61
:1035E0000E7DCF0CBACBA7CFEA1F6CDB392607952F
:1035F0005EC670E3E6B72AAD9A3AD763CE9F3B82A8
:10360000648D7C167AB219F8A859D813B68CC0DB31
:1036100046FB94F951C4A99A4EC7DEAB41F7A4CC3E
:103620006435BBC954F6303CDD628B62998AE7F49D
:10363000354C5F26B6F73D5E32FC41DAA7B1C7E3F1
:103640008BEC83A9FE9A7271692A2FF1BF9187844E
:1036500066D83C46B32CDA1319B6E5497369109362
:103660006714FC76F2A69CB58013B5809717AFABB4
:10367000E260249936DFC4D7F78F7A38304CCBBC60
:10368000E09FE468655C98EB33B8B6D69518406463
:10369000EC3CCF87AA05C8894223306ED8A4B0730A
:1036A000E1E89EB7E3AF1D2FD9863AA73EEC904BD9
:1036B000E2535358C4F92E4DA71A301F1B6B305CD0
:1036C00020C6B3D72A29A6621DECD834710A1C3B48
:1036D000E2CAD338A4E2B30045E7308C1671782CE7
:1036E000E00613080A67E5A619F5C1455403181446
:1036F00062BF07E7E5A6E8C4C0AB83FD86481B03AD
:10370000EAF9E8EA4B909ADFCC95A099B23589A402
:103710002FF5F205895027BD7209FC212846EDB32B
:103720000E4C1E355C92991B7DAC7DE87D9C7E8B9A
:103730006035FADA65E41B79867F9850D507889C56
:10374000EC10555545C93356C55F717BE065FEFBEE
:103750006E130DBA3E07593436FDC1C30F1CD5ECAC
:1037600053D2C58A25123892AEDF390AEF910ED4B2
:103770005C6C72650244AAF043434DB2481705C31E
:10378000E8A46D94B6EF4ECCE18C935CBB114E1B5C
:103790000B480D7B5C5F6FAEE6203AE4802A600C3C
:1037A000E4536E4BB053CA0871856A2D3CA7CC34E4
:1037B000EFE8D1A41B6EB86AB2D4C795879CCA2320
:1037C000E7CAE52B12C1A4455ECFCBBE0BBC944427
:1037D0008D312DC411B18527279C6E06B0C7F553D6
:1037E000D97A1EF4543BC381213936CFD14A526B6A
:1037F0008D46421B974201E358A5F9777171E27C2F
:1038000000CA8DFFFE1BF4131C94D17D95FC68202B
:10381000007132103D623E71024869C5E28FEF3798
:10382000F8729820F1E87DD7F6AD510C8685B00F7F
:1038300080C927CF3B90A8B504B7C0B4FF49401852
:103840008F8B824006FCF09AD4B7789F55A6EB7F09
:10385000F050AAAFBF3B92F8E77B6F277312B068B6
:103860008398259FF50FA35E3DDE7DEEFEBEA25040
:10387000032309703776B63CCF466056385B9F47C6
:103880008D58668175D13D007C8DA1B8C1506C9F6B
:1038900085637D6EA5AC2D627CE10400589BAE88EB
:1038A00004AB255E6326B2C483E49BC9FFA7A4B022
:1038B0000D1BB3B1225FADA619D79A71F7C2C8A785
:1038C000C45E033E8934B48956019F5A6E0B13C0FF
:1038D0008E8D55D154FB81EB3F9F4AE22B7708D761
:1038E000674EE2E1EDC1624D0789AD2BAEFA4BEFB9
:1038F000254D820E21BE7A2FB50E62930E8F91F860
:103900007F411903C9050334DFF782F7B88DAD5F36
:103910000305E4ECBBFED15649C0AA4FEA4669480C
:1039200054C85BDC2E7B2CF0DC61B086D3CDC57037
:1039300086740B33A0BA3192A4FDA43EDB044E671B
:10394000685F9CBCB69FDBBDF02DC8152260EA0005
:1039500083EB5953411814DF7D077BAD88194E174F
:103960004626A463239C257916128E644E26552F75
:10397000889CF48CA15D381B6B889BDC2945313811
:103980000F6C8A7DA6B6C12717BF573286EF2DE090
:10399000CCD81B92138FA64513A2718A2F2CA6F7A1
:1039A0000D15DBA2D6BFC1E34B834143C5A3CCCFEA
:1039B0008FADA24D5FE163817135EDFB64D960D8B5
:1039C000685ABCC252E651AE6ECD6CD010BFCABFB1
:1039D0008436AE2D7D9872CC1051A368C23D61A88B
:1039E0008C7A1B1DDD150E6A99B459A1734DC290D6
:1039F0008F41D4F2EAF32B08EA682E198FCBA987FE
:103A000095F66707B0DCB55D23F03E6929D31EDE6D
:103A10008EC9BFE84FA5773F3F9D6DD1802C45C92A
:103A20009609EDD8BFD03C99A8346E1861A1ACF1CD
:103A30009904773710AC7AFB93ACFFA047656AE630
:103A4000819CE8B8118C28D4817E1D8B38005E8162
:103A5000D027DE575A02D6B6B76B3E33DF50739687
:103A600094E91E6798347710ED44C8FAFF49BFAE59
:103A70009054A1885E4EFA721265E84212371DB961
:103A80001E1040790AE9E94E1B2FB2AC188901617A
:103A900018111896299B072C46F8FF1456F8407603
:103AA0007357FDA6931E288A0CD240DD3F7A094E3B
:103AB000F372A749476387E8CACA6465F2048C5960
:103AC0001BC479C6100AAFC71398B24E8961D43EA1
:103AD0009F4208298476E4A52C0023F6ABA5122981
:103AE000813668198CB1BF03FCA1FF3FCD2DB61103
:103AF000D58D5EF6C63F4161E92CBA8767E9FB06C2
:103B00009CCD60FB21BF937AE67B7DE318E160A149
:103B100019CDFE14E5C21E18125D055BF09A5CB665
:103B200096BE81249FFAB7BE80F895921417EA8E4C
:103B30007D0A4ACB83BABEDC1E6BE72A54E3E999BF
:103B40009C271B443B588DF313054B014D0CF0FE95
:103B50009F902CAB0996F091D12A3BB9E7F8BCE9CC
:103B6000AF506C9BAEAB1537478BAB7086FA72D1FA
:103B7000DFEBD6746EDACB555BA613C8A98E75C67B
:103B80008D1413853D7D97697D28C6265F3A021EF8
:103B90008D6F2D6A1B9C540B84BB6F9EC541A7097A
:103BA000DB63835ABE8273AD481FB65768CC4E3173
:103BB000989800B5793310CF685226EF8C6F752630
:103BC000B0FAE73A34D456E0C31BFBC4082892414C
:103BD000BC4156D5F3EE5C8244C8467C3CBD74566D
:103BE0008E4D12E5B625DB24D3A5D7B5B7F1816E8E
:103BF00099EEFF0A6B1CC146E5F1D90D125AD47932
:103C00002F6AF40FA2EA848F3726DA549EE037DC5D
:103C100054AEA3E067507CED367495EC4D6680CBD6
:103C2000BC9D6ED0A698F24B509EB7253505AEF3DD
:103C3000BBE6553FE5A1F12922CAB99DF0BF93E447
:103C4000AFDC38B0A78C660642D416B6860F9E83CA
:103C50002D3FB45F6C744F648FC92B0E2D72C394CB
:103C6000578C9C6F2F3D33C26EA2FBC73906BCAC8C
:103C7000491F868007D68EA0E8719D7F503375BBA3
:103C800029388971B9A5789CC296EA912439C9630B
:103C9000143DF19EF853D6FE53DD872937F50574A0
:103CA000E5F231AE39562158C178D8E00D4F504C6D
:103CB000A8FB2B41FA2DEA3A7353BA58C45CF15B66
:103CC000A2D914CE79F0DB15D584DC73315B3C3C92
:103CD000AA62A521753B657758191BCB1EAF3D2BFA
:103CE000671ECE110F005FD18D8B84023295391380
:103CF00047C471FEF0C8F1B37D95F0BA80F65D045B
:103D00006AE34FF3177822A89F6BC7DE6CD4CDA36C
:103D10007545F81C59A611CAD9F70E662AAF9DB48D
:103D2000A93E042C1D04C66CA8504CAF23A2B78C2E
:103D3000A59D22C3D2FDDF0EF57E341752D9349BE8
:103D400046B0674C94104B2178AE5A3CFDBFE7FC5F
:103D50000BB307A353698C432484E2845EC259EBFE
:103D60005978CF931CE1DDE57E21554D5E4087D328
:103D7000A573D57CF02AA887C0BD75F5B8833CC46F
:103D80007F24B08D8D3983BB068DBC1B5789541C95
:103D90005F870F624F4381D9BB1146A311FB9B0B79
:103DA000A2FB6A52257B707FEEB5F96ABBCEE83381
:103DB000AD460FBD161AB21D1D2788D24AFD292413
:103DC000A26033325571F5327C4C27F9894AF243AF
:103DD000C34D46DD43A7E85021D5E0412F3196542D
:103DE000C715F7ED879A71F6C5E99788783B786C27
:103DF00027AE2F029BFCBB94545B003032EFB17BAB
:103E0000D11DBDF7C05320C1E73887400B3ECB2200
:103E1000B9244418AD2ADFA374AD70F850F50A3503
:103E2000175A3328C8A07605A3B0FF31B67E7C0DA3
:103E3000E7F88CC708D60A67846495899D021B1A27
:103E400068DCBB4823347548205562A26563FE7D5B
:103E50006BCABBA700CD312A5ED1341ACE98416A15
:103E600045B4CC97C947908C297B1ED3F16A365252
:103E7000950D7378833CBDEE1E5F0E6B5211574556
:103E8000BD40C48904623BD28C681585CF575C9DC8
:103E90003EFB9C66F6EB8BB0CABB7F3DC79C8F8A0E
:103EA0003835B356F7D91216511E2AF481A794B2A9
:103EB000523C73B911981F74D67DE04C25D8ECA5FF
:103EC000BFAE3B36D17A325B86AB8B6752B0CCC289
:103ED000D1A4F3D99A0C9339DA3741DFF5CFA8D5BD
:103EE0003FD6F5E96789BE9FC323B4162F4C9AEDE0
:103EF0009C61A50694F0F8FD240F52AE64C947FA00
:103F00001626050BFDCF1CE6AEC1BCCA61C41A5D06
:103F1000B65E29E43FF4BE8458B954720E434E4A4B
:103F2000E6CE7BD4AB8B2722269338BBCFCEEF7265
:103F3000D34AC43B6DF2E5404D5774036FB59165AC
:103F4000D0FB62B47A98A26F8581D3281BD5BE02BC
:103F5000B471B55BB3D3250D709E27903E2D3B15F4
:103F60004840926B7BDB0FABEBB91B5993DF422DC3
:103F7000DE047A84EF13E4C993242BE1E718593A5D
:103F8000A7FBED75F7010FF55F14590FD8D085E247
:103F90003B411D9AA37904972D8885B71B9A89F513
:103FA000330E77AA6371793138AE347E0FEAC2CD11
:103FB000BE37A445AC8AD7537D4D2EC6362EF1DAD6
:103FC000B55695CA0E31B97CFFB5D0ED210E56BD60
:103FD0004A1E0D251C9FE31E03F4C8558175FBAADC
:103FE0001BD0CD15ED174AB8D0E9479C7448F29222
:103FF000DCD9B5FA3BDBFFDA8872802428035185CF
:104000004D7C14BB15776CB152862A12386A19554B
:104010004C608C54CAA26FD3F0E588AAC3A0BA4200
:104020004DB3A264517D84756A783963592D747AD1
:1040300012ADDC8B36FB9C1718DC61DBEE50C96DD2
:104040003195E3047B9413385C0A3CF07B395E0ABB
:10405000CD9EF9EB975F665A3A961C489DFAE51D8E
:10406000C354E3DB22CD20FC2C3CF281203FEC2525
:1040700071A9CC34DFCBEA9EDEAB8B392D4688327A
:10408000E6A6E3C522B851A25999C6D7730510EA2E
:1040900086A9752A41C75AC06403B16F13E474FD41
:1040A000C860731AEA48D56642A677A673EEC5C5FE
:1040B000F5DA86F529ADCC04823A121ECD8D92D266
:1040C000CBF86B7A58581A2BDD7CE63590E9A6B50B
:1040D00049474C955A2E5049B670198D0696BAA28A
:1040E000C88FCEA5CEAB34EF39D9A1440594A29A9E
:1040F000CC34714A1DD2F68D4B31B5FC4B60A88D86
:104100004F700D4791ED3C964F4AF998E86D5F2A44
:104110009FCB5AA8021B8EF4D2290320D616433D0A
:10412000D6039298DF1EE05247D419E93E977F05E7
:10413000D77C067724C37B303D58D651736F371236
:10414000C39EB8F8550A221FE9C6B87AE4C027759D
:10415000DC2532170F77AF7D075A38C272FBAB628E
:10416000C4615627DBF9A3DB9CFECF0B0B76075A05
:104170008C52DAC8638454B96E6300B38502A34DD0
:10418000C6ADB83962239F853F50305D7BB27795CD
:104190004292DED6995A26E75DCBD4E5C4CD1B8288
:1041A000C3D68DE6DDD0BC415AEEF72C0C405FBA89
:1041B0008C65F4091FA94F23AAF629942AA4FDAD02
:1041C00060BCEA8656C07E0C44202DBF575F07CAEC
:1041D000C9FC786996BDF66E87BC890747202CDD3F
:1041E000C02CA959D437B8C8111A91CEA9A92FE566
:1041F000D88B2DB612CEABAA4D85DA7667D643F2B0
:10420000DBBC96431F494CFF99E06206FAB72CAB22
:104210003D879EAC9834B39DBA78A5BE6BCC5FBC8D
:10422000F2CB999C9FBA123B3CD9577746E2E58482
:10423000FA742E735CCF4859664582CF513E38934D
:10424000C95611FC159EDF762A9754E46D5B0CF479
:1042500071E9A6139FD72D14580B045CFA2168E36B
:10426000D8298E2392DD10B2EEAECB9523AC2CDB99
:104270007766DECC507C41D08C3AE42DB32FA7CCAE
:10428000342ED93D08875FEC7D061FC3D3E48F141D
:10429000D9DA04D2D9FF378E9F9AD07B3C17D80346
:1042A000C012F1E29D707928083F80B29C969C3B39
:1042B0007055DE0D460DD84A9DA7610A3A617A2CE9
:0442C000DC8F70829D
:020000040000FA
:04AFE0005BAFB8FBB0
:020000040000FA
:04AFE4003CC7D196FF
:020000040000FA
:04AFE800D57F6A2186
:020000040000FA
:04AFEC001117034CEA
:020000040000FA
:04AFF000FF1407142F
:020000040000FA
:04AFF4000C7C6E79EA
:020000040000FA
:10180800089CCEF880C19EA4799BFECB6FF95A67DD
:101818003027711743B85CC613073173C8823E700E
:1018280011EBB12706321A60ACA261BA210F9248B7
:1018380031500EC8C54BD802DE3EAE028674F65F44
:10184800327231478D26972D29E3C029F214CA3800
:1018580032C98EA84E5F554FF1740F91556FAE2F58
:1018680033054E980BD513E978D55F58BCE20217BB
:1018780033BEF177C8ACD18B144D90E01B9966004C
:10188800ED4131869B0F8DB7DD7D830E54227AD8CA
:1018980035FA8E6958764FD54BEB4CB6F3591ECFB7
:1018A800E23C4E591DFC097338441C7F1AD4B2F728
:1018B800348DF1B6DE85CB114AD8D3C7BDAFD6E09B
:1018C80037AFCE3996E8843E170EBDECC9CFEA870C
:1018D800371471D65591465C659272546EB48E90E9
:1018E80042DBB1E6101B00FAF237229D873922A8A5
:1018F80036630E09D362C29880ABED25204246BFFD
:101908003B273004B75DB88360570541184F1B1853
:101918003B9C8FEB74247AE156C9CAF9BF347F0F18
:1019280044524FDB31AE3C47856E9A3056B9D337B7
:1019380014E0F034F2D7FE25E1F95588F1C2B7205A
:1019480039C9CFBBBABAB10AAA243BA385A28B472F
:101958003972705479C37368D8B8F41B22D9EF5020
:1019680038BEB0643C4935CE9D19A4D2CB544368E7
:10197800BE010F8BFF30F7AC3D816B6A6C2F277F60
:101988003EFACF7AAC93AB90F4B1788423943BA71A
:101998003E4170956FEA69F2862DB73C84EF5FB0DF
:1019A8003F8DB0A52A602F541188E7F56D62F38842
:1019B8003F360F4AE919ED366314284DCA19979F27
:1019C8003C1430C5A174A2193EC24666BE79ABF874
:1019D8003CAF8F2A620D607B4C5E89DE1902CFEF27
:1019E8003D634F1A278726DDDBFBD917F08F63D7B6
:1019F8003DD8F0F5E4FEE4BFA96716AF57F407C079
:101A080027EB3300EFF9D2EA1A0209DF8095D8995B
:101A180027508CEF2C801088689EC66727EEBC8EF6
:101A2800269C4CDF690A562EFF3B96AECE6310B655
:101A38002627F330AA73944C8DA75916691874A1F8
:101A48002505CCBFE21EDB63D071373D1D7848C643
:101A580025BE735021671901A2EDF885BA032CD170
:101A68002472B36064ED5FA73548A84C538E80E9B3
:101A780024C90C8FA7949DC547D467F4F4F5E4FEF8
:101A88002236CC7EF437C1F98EE4741ABB4EF826A0
:101A9800228D7391374E039BFC78BBA21C359C3179
:101AA8002341B3A172C4453D6BDDEB6BF5B830093A
:101AB80023FA0C4EB1BD875F194124D352C3541E7B
:101AC80020D833C1F9D0C87044974AF826A368795A
:101AD80020638C2E3AA90A12360B854081D80C6EE9
:101AE80021AF4C1E7F234CB4A1AED5896855A056B2
:101AF8002114F3F1BC5A8ED6D3321A31CF2EC441F9
:101B08002C50CDFCD865F4CD33CEF255F72399E6A9
:101B18002CEB72131B1C36AF41523DED5058FDF1B2
:101B28002D27B2235E967009D6F76D24B9D551C911
:101B38002D9C0DCC9DEFB26BA46BA29C1EAE35DE26
:101B48002EBE3243D582FD44F9BDCCB76ACE09B961
:101B58002E058DAC16FB3F268B21030FCDB56DAE40
:101B68002FC94D9C537179801C8453C62438C19663
:101B78002F72F2739008BBE26E189C7E8343A58196
:101B8800298D3282C3ABE7DEA7288F90CCF8B959EC
:101B980029368D6D00D225BCD5B440286B83DD4E27
:101BA80028FA4D5D4558631A421110E1820E71768C
:101BB8002841F2B28621A178308DDF59257515614B
:101BC8002B63CD3DCE4CEE576D5BB1725115290696
:101BD8002BD872D20D352C351FC77ECAF66E4D1123
:101BE8002A14B2E248BF6A9388622E031FE3E129F0
:101BF8002AAF0D0D8BC6A8F1FAFEE1BBB898853E59
:101C08001E7335085EB10638EEA810E2B1205F9B5E
:101C18001EC88AE79DC8C45A9C34DF5A165B3B8CA1
:101C28001F044AD7D84282FC0B918F93FFD697B4F2
:101C38001FBFF5381B3B409E790D402B58ADF3A3D1
:101C48001C9DCAB753560FB124DB2E002CCDCFC430
:101C58001C267558902FCDD35647E1B88BB6ABD319
:101C68001DEAB568D5A58B75C1E2B171623B07EB7A
:101C78001D510A8716DC4917B37E7EC9C54063FC2F
:101C88001BAECA76457F152B7A4E6D278AFB7F24BB
:101C98001B1575998606D74908D2A29F2D801B333C
:101CA8001AD9B5A9C38C91EF9F77F256C40DB70B1B
:101CB8001A620A4600F5538DEDEB3DEE6376D31CB0
:101CC800194035C948981CA2B03D53C51716EF7B7B
:101CD80019FB8A268BE1DEC0C2A19C7DB06D8B6C9E
:101CE80018374A16CE6B98665504CCB459E0275479
:081CF800188CF5F90D125A04D5
:020000040000FA
:1042C40098E71FEF0C810A922FDA7E3EF9261F7DB4
:1042D4001C1CA0004BB8C8F0D906B186DA1D7B6A55
:1042E4009111603082F38E56C262E14FBF51D752B2
:1042F40015EADFDFC5CA4C3434BE2EF79C6AB345D9
:10430400B15FE1D23E7C362F3F93C69379CEEEE285
:10431400B1E45E3DFD05F44D4D0F092BDEB58AF584
:10432400B0289E0DB88FB2EBDAAA59E2373826CD01
:0443340095A321E24A
:020000040000FA
:10433800597B64552EBDDD91ABD6397ADFA3A181B7
:104348005A795BDA66D092BEC6482951AACBE3E611
:104358005A821C3525A92EDCB5D4E6E91DB8AFF183
:104368005B4EDC05E223EA7A9A664E2027358EC931
:104378005AF125EA47DA8518931AFE9826CE60DEA8
:10438800A9F5A21BF0F6DA24552AD47642F1530691
:104398005D31E0F4B3804A466BDBADCEABCEB111F4
:1043A8000A6F38C40BF530E04CEC7307CB9C5D29E1
:1043B800D659DB2BB96CB0823E76C2BFE67D393E5A
:1043C8005BE0E4A47F9039AD03B76C949A18055963
:1043D800B2A9E24BBE67A5CF073A2E2CD76C8B4EFD
:1043E800BE1C797BF8ED36698E9FF5E53618747634
:1043F8005728AD945994A50BF503A45DF094C661B4
:1044080062757191EFE31FC263D5050490DBCAC4DE
:104418006A4EA37E246DAAA092C804BCDD5617D3A9
:104428000F74DA4EFCE7EC06256A72750FDD9DEB1A
:10443800683855A1C869916457F6BDCDA8A6F9FC9E
:10444800271C252EAF01D84B6522F5E6EDC05B9BF6
:104458006CA118C1C3C23B29A9051B5E2E3B6E8CFB
:10446800696C63F17477198FCF9F2E97A33693B435
:1044780021D6401EA70FDBEDBD826A2F85CD0AA38A
:104488006FD972EFF62C1DD175B279C149F6957BBB
:104498006F92E400557606B34E2F1A791A82A96CEA
:1044A800E8DC4030F05C8A15100A6CB005F00A545C
:1044B800EE67FFDF32254877AB078508A4792343E9
:1044C8006FC5D050784B8E58BEC25423D5190F24CF
:1044D800697CA3BF38B3B13AAC4D419B3962C7334D
:1044E8002492008F8836D19CDE78C8521C6CC40B8D
:1044F8006C8B9960BAB01CFEADE407EABF17A01C2C
:104508002947826D927F94E5CC98EF8E079AFDBB80
:10451800E07418821D07EA87BA043036A2E056AC68
:10452800603825B233CCAD212E63A2FFCB2D049485
:10453800F0402F5D1F3A5F435F3CE84709D6608330
:10454800622158D2D798466C83AAC86C0AB5AFE4E2
:10455800E3D54C3D15E1B40E96B62FD43DC0CBF350
:1045680062169C0D51EB3FA8E6D3291D5481ACCBB4
:10457800E3ED8AE290123CCA954D98A574FB87DC5E
:1045880064934813C3B322F66EFF084B3C42EE0413
:104598006628F4FC83C7C994D41C06F39FBB221376
:1045A80065E5DACCCFDD60323842143A73B21C2BA1
:1045B8008BA164230CBB58502A223C829DCDDE3C43
:1045C8009684C3AC8352ED7F970CCBA929B2445B88
:1045D8006645A3436BD6061DE711F9110526774CEE
:1045E800640F477348A1A3BB06CCC5D8A74A297452
:1045F8006F34679C8BD861D9DC569A60C020F86309
:104608007C83B56983DB538CFCCC5C10FE415F3A3C
:10461800323C988641A2E7EED150B7A8B0A5952DB7
:10462800F66B9EB688B7194856F0A361D3B1391511
:10463800D8F8005972E6FA2AE2DE4DD9A17B7C024D
:1046480020C137D66090BD057DBE02F20EAC616513
:10465800522118394C4508672723414AEA662C72CB
:10466800A1AB480901CF10C1E870248364AD104A9A
:104678009E16FFE63B01F3A36CA5733B789EEC5DA9
:10468800745F1E1793158E9F4BDCF8D5846D688573
:1046980078E1A1F858694CFD59B78E6D2C519C9260
:1046A800C69948C87A10B35BDBE467A4EA6E19AA16
:1046B8007B91DE27D49FC839BA8E111C7EE0C4BD19
:1046C8007AB2E1A896F1871682E95637C6C768DA42
:1046D80075B27747C8326C741932098F9E0825CD98
:1046E80079C29E775DB12AD2D7D0C9467F7630F598
:1046F8007B7E2198D37BC1B072FC2FFEDAFBEDE202
:1047080087CFA695D8BF02AB9A04C79AE0F7B04501
:104718003985A07A393B79C9A79808224F0C90525D
:10472800774FD84AFBC26E6F7F39E0EB2601BE6A2D
:10473800F79840A58036440D0DA52F53117A587D62
:10474800FC49E02A323FB222DCECF978751E201AC7
:10475800766B5FC57B992540921817C0BCE4AD0DF8
:104768007E6292F5DE5CDCE655C5840939EC6C3571
:104778007E57E61AF62A7D8465D637B19F971222AE
:104788007BE5E0EBD67111B80C25B75FD1616EFA05
:10479800D15EC1046EF0F4DA747A75E701AF4DEDBD
:1047A80072969F34227F7B7C965FCC2E17D5B6D528
:1047B8009ED6A4DBE603B01E82436E962EA1B5C238
:1047C800F10B4A54A0ACAC31C65689BD3243E9A5B9
:1047D80070B05CBB635FA55337091D05E8BA98B292
:1047E800E033CF8B279DA1F5CF23F5CCF7C84C8AB2
:1047F8001F47716466EB0F9755305C745BCC459D21
:104808001544FE80E0728667C1FE407E1F46F4C1F3
:10481800157F696F308A53057B9DD9C6DB3DE7D686
:10482800DA4CD65F0F8175A36C38330F5D73B8EE21
:1048380057EAF9B04AB7D2C1735B2DB71A3458F9A1
:10484800542CEF3FCD9071EE8C76C79C8E2BA99E91
:104858001B91E8D0200EA48CB1EEB0242950CC894D
:104868005A4EA6E064A4F42A264345ED3DA2A9B118
:104878001A866F0F870C09485457D2556726F9A630
:104888005C0AD9FEF47E6A749DEF99BBD562D17E2D
:104898001CC2101117D69716EF7BF303EFC4686993
:1048A8000D7DA62173ADF9B078DEA3CAEEF495515B
:1048B800974A2FCED1322DD208071272DA03CF468B
:1048C800FEE58E416CA4DBFD739AAD59E5B0C021BD
:1048D800FCB316AE5A62F59FC5F7CCE13605BF3674
:1048E8001F88729EE757623996A33228CB46080E76
:1048F800C5C46971D491E25B18CE539056F93F193B
:10490800157F627CB8AA0B40208D57F4B70F85BE7F
:104918009298979373D3CA22DA1E264C3974DCA96D
:10492800370687A3351D1C84190B24853A066A911E
:104938005CB62E4CB26018E6B768EA3D05E2908690
:104948009A0E11C3391691C96ABBFA16F8196AE1A9
:10495800126F682C6A63ABAB78306DAE919971F6C3
:104968001BE2301C13FA5F0D8FC3F66793E573CE15
:10497800419DDCF3497CA86F7D5B39DFA76FB9D90E
:1049880033AC0702A32850534CD4FB317B250B01D1
:1049980077D9A3EDD1A63631E2B9A689F850C61663
:1049A80016D5D0DD01DDDE9771D2ED40BA226D2E2D
:1049B8001E2E17324F55B2F518CEE9F8115909399C
:1049C8001D48B8BDC1C79EDAF71C17D34B89675E6F
:1049D80017F7D9526DBED8B8FB3B0A6B41B3FE49F5
:1049E8009D747A62C9CB401E976118A227CFFD71CA
:1049F8000480B08DA44BC47CA6F8111A644F2066BD
:104A08000EB3557868D53429D087C86AE639C13FCE
:104A1800EE1ACC9782CC4F4B0C0AD6D26B919628C3
:104A2800813B2BA7C676BDED335E281BDAFFA810A5
:104A3800C65CB248A580278F45C2E7A315FB95073A
:104A48008552F8C71652B9A0B4E526886BC7A96085
:104A58009E1914283ED461C2AD72393089B80B77DB
:104A68000D2AD5186B5E076475D211F92F31194FCD
:104A78000D916CF7A827C506074ED841884A7B5880
:104A88000B6EAA06DA8C303A2EED4DAF3662E18015
:104A98000B629BE9294AD3589DEAAA17608A0397B3
:104AA80082866DD95D5FB4FED9C5D2DE8A8429AF0E
:104AB8001811E4369DBD579C8B591D66CDFE4DB827
:104AC8007B33DBB975D018B324255B4D7AB458DF36
:104AD800FBB86C56369ED2D14422B4F5BED41DC85C
:104AE800DA74AC66931394777387E43CB759B1F0E2
:104AF80028E43B89B3E93615A6A891849739F4E7E9
:104B0800F58C2D84D6532C0E23E7C3E0EA2F88407A
:104B1800D737926BF72BEE6CB37B0C58EF54EC57EE
:104B280020D77A5B75ED97CAD06D0A91A46AA86FF1
:104B3800200CC4B4925CEAA836749B2981942C7822
:104B4800D555DA3B39822D874BA2F50215F7101F90
:104B5800F5EE65D41AFCEFE559383ABA12897408AB
:104B68001425A5E47F76A943EE9D6A739B04D8308B
:104B7800749E1A0B1C0F6B21BC06A5CB5C78BC2756
:104B88003261DAFA8FAC371D5536B62573C3A0FFEC
:104B980092DA6515ACD5F57F07AB799DB4B9C4E851
:104BA8005316A525295FB3D9B00E29543D3468D0D2
:104BB800B3AD1ACA4A2671BB120584EC67CAB6C7D8
:104BC800023F4D45FDFF84940909A0C717AA87A095
:104BD8006280AAAA5235FCF63EEE4F7F3A625CB775
:104BE800C2FF5A9A65C5B250FB3117B68353298F55
:104BF800E3783475B475C232B9646D0EC627A298CD
:104C0800D4DF5270580269FBCF32C857CC9FE63DBB
:104C1800B4913B9F90FA4F99DEAE16EFE964D22A21
:104C2800EDA82DAFD7F0643F4EFE31268368B01251
:104C3800362E15400541985D6760FE9E2413D40505
:104C480035AD83CFDD5473723EB690B55076E862C9
:104C5800AF8912209F9D2B10466ED00D96BABA755B
:104C6800D4BD85103A998BB683783DC4D670994DDA
:104C78003D095DFF786F71D4F2E4E77C3AFE2B5A68
:104C88003077790E48CC3DE8B954A49236B0E18229
:104C9800324CABE16341888A4049A52A14C88595FE
:104CA8003143FED12F94ED2C9D184CE33B4529ADA3
:104CB8008389E23ECEF5834EDF8E835BEF7BC2BAFB
:104CC80031ABDDB1082FFA61F0A7EC706BA970DD8C
:104CD80092A0CB5E84526D03C2B9ADC8CD13A1CAF0
:104CE800032F426E409829A5E8614F0125DF45F260
:104CF80071561D810060B1C7660A9AB92227FBE583
:104D0800326FAC8C669E7EDC0761ECDDBBA12E4267
:104D1800361FF863F4473ABE056DBD659DDDB35592
:104D28003CE7E253EA59131833674DACB47FCF6DB3
:104D3800BDD33BBC2414047A31D3AB14C362AB7A21
:104D48003EFEBE33AB71F9554E05C53F044CBF1D41
:104D58003AC5DCDCE830923735051787903F880A7A
:104D68001F18A3ECA28A4B91A8F4F54EE9AD613265
:104D7800BDADEC030C3188F3DA309FF6CF498925B5
:104D88001B6FFDF27C38C2CF31DA901881FA04FD2E
:104D98003CF6D91D8E3829AD61C598A0044B7CEA34
:104DA8003832882D005CD50B0C395269CD045DD2A0
:104DB8002881B4C2F81DA56994A99DD1477F31C542
:104DC8005B302B4D70B78246DB6B2BFA3CBFBFA222
:104DD800EBDF9CA2936E20244AF88E42BC6461B536
:104DE80039D4ED92104BB6822A52B48B5DE9C88D46
:104DF800BA6F4B7D559DACE05CCE7633B4BABA9AA7
:104E0800B11CD0883EFFA1B57D640E4320F37EC35C
:104E180000E737679DE358D78FF222FB05C771D4A7
:104E2800292BED57BCFD79711E92F632E9D733EC88
:104E3800D1DF38B878B06E13688EF58AA27EA8FBE9
:104E48004212DF37127D9B3C77F041A1BF9E949CB4
:104E5800204190D871A4315E64E4271939C5308B9C
:104E68004365A8E835A1CFF8D0E1C6D0E1E83CB366
:104E7800A3DE1F0716577D9AC0EEB868199200A4E2
:104E88006A81E9F625B407A6E9D29D861AC0CD7CC9
:104E9800BD0F0419272143C4EBDECC3E3EDC506B2A
:104EA80025F61E293B326A624DD83CF7E7722C532F
:104EB800A4C2C7C6627E7D00DD00DA4FF4A5FF44B8
:104EC80007268949B006BC2FB3BEE66424D47C23E8
:104ED80068D4A9A6EB2ACC4D513D6CDCA1A1E834DD
:104EE80025D07E969C2233EB460F2115CF330E0C2E
:104EF80096B2E8796DD836890659F2AD6D40FB1B3C
:104F0800D0186C743B648B92D47F06C9544537BC67
:104F1800197E409B54CA14F088FB507182ADE1ABF6
:104F28002A90C9AB8E558A56A1F2B2B88B1F4D9301
:104F3800CB24C6444B2C403440C2CC005AC7F98419
:104F48003F0993CB0B410A1B9E14BB2B18041DE38E
:104F58003BB22124E679DE79FDC82C936F1642F422
:104F6800A8B1861480B283DFDB2D245A56F2D5CC43
:104F78002800DAFBC1842ABD81B1F1E2B310D6DB87
:104F8800283A9E0A01BC9881B0CE880C6D9E1F03FA
:104F98002C01EDE5B811A5E3E2B19FB45849C1145D
:104FA8000F0CF7D5941BE345A7F03F7DA168052CAE
:104FB800BE5AE13AC64EE127078808C5079CD93B87
:104FC8002ED46FB50F8F0E087A5E6EEE9373955CD4
:104FD8005CFC615A93F7946AB76E97565448D74B5E
:104FE800AD3C976AAB7C52CC6FEB599F2D84F5731F
:104FF8002D189685680590AE29574E271AD6B064A5
:10500800BF6509A24A69362CDEA9118AF59A5FCBD9
:105018002F9D814DC9E9E84EA90D4F32891481DCD5
:105028002F51497D6C6491E8BE1FECFB986626E41D
:105038001A709A92EF595B8A4E0C44431DDAF3F3C7
:105048001CC8C11DB7341CA510599D68297D0F9433
:105058001D71BEF2744DD6C762C55AD0FF060B83C8
:105068009CFABEC2F545E161C6E37B19348B7EBB71
:10507800B386372D027CDC0306E0F3A193F01BAC6A
:10508800FA5969DCC19E0E3F4F4F5E4FDC4B0774E7
:10509800CEC20E33924EED5D75122EF74908386375
:1050A800FE0E0403B76682FB7AF5493EE87C885B0E
:1050B800FB8D2AECEFEAFA9909698E86B700D34C82
:1050C8007818E6635F78BEB663248CAD9325E72B2A
:1050D800FA2C3E8CAEC6CDD416232715245E8B3C05
:1050E800F86449BCBB8B4B728085B7DCCDD32F04E9
:1050F800F8DFFE5309F2E910625EB864AE2B3A138A
:10510800C61FB15E4FCD4A0BBD656600A26698B456
:10511800743B49B18CB4896980D937B8955C72A35E
:10512800F5683781C93ECFCF235CBF71E878FF9B14
:10513800A512376E387F56AD60C0BAC9EBA1B28CE4
:1051480026753FE120EB0582382E45E2C43434EB66
:1051580027CE880E7395F8E0CA05795A9BB05BFC98
:105168001F9E243E165DB646DF2F4E9330FA46C486
:1051780016B9FFD1C5247C24AE36362BB746E2D308
:105188001142FF209687281867062DC589FD9E0BBA
:1051980071BE80CF917A9B7A261F937D0C86231C43
:1051A800BFB576FFE0B022DC032584B45594C8244B
:1051B80074110F1011891EBEF106D50CE0719A33D7
:1051C800F32C489F59E4519198F0632720D88754CD
:1051D800F35F7770B80EE3F3DAA4FD9F4361CA4327
:1051E80022DEBF403C92AD55990F8456CA69B67B02
:1051F800F1E0B9AFC4760337DBD043EEEF9DB56C71
:10520800B914CB5AC4EC51627AB5549E397ADD355B
:105218008969B5B506915200082993269E01B122E5
:10522800C98C9D858332F4A6CD0C6AEF240B2B1A0A
:10523800A91F356A44E4BEC41F0F3A57D1E34F0D86
:105248004A3A95E5788F6EEB0243547C8318EC6AF2
:10525800EA1CB50AE965AC8914778CC4A063887D1B
:10526800BB4B753AEE7DEA2F8371540DE97DBB4542
:10527800E963CAD549AC3E4DF5CE12B56E34C95274
:10528800FD0E9424AE60427128D6505B3327848A81
:10529800DFB5F2CBB2DC7013214BD8E3E95CA79DF4
:1052A800EC39CDFB7BBCE6B5F9EF302A4F90CDA5A4
:1052B800DDE05414EA6CF4D7E9B398921555EBB2D3
:1052C800EDE0B09B4FB8C4F8D6A591B99C8B95D5A5
:1052D800DE78D4746178799AC6F93901C64EB3C2BA
:1052E800EC97CF44C94B403C339C0EC8F27504FA86
:1052F80076393FAB668AFD5EB5FFC070ED72ADEDE5
:1053080022C435A6E2FADF4521737F144C4A2A4AA3
:105318007BE6E549D18C3B275BFF5EAC60AEC65DA2
:10532800E31AB2791602038154DC526517BCE665AC
:10533800ECBDDE965F7F8BE334599FDDA2C7827296
:10534800EB8232199D17B3CC53CF69F607588B15EA
:105358006A32A1F620940EAE172A754E7FDCDA0267
:10536800E9F1D5C69FE1400884B2F6879754013A1F
:10537800D80AF2298F67B76A7625153FC5D51A2D41
:10538800EFB532D8463E52567A1EECD176913AF5B0
:10539800678EB5374AC26E34474B2E69C0AA18E2E9
:1053A8000E8D65078EC85E92B7639DA07C6629DA6C
:1053B80076391AE84C7C19F0A27F42187653C0CD92
:1053C800E55B8367639CB5DFFD292C33EBFC57AAAB
:1053D800E4E00C88C5FD05BD8EF5838BAF0898BD4C
:1053E800FE2CF8B88B2F5F1B18C6D342A68A4485BB
:1053F80004982557575691796AE01DFA01F12092D1
:1054080030441D52862133B0739AFAA30929F33721
:10541800D2F0D2BDB2579FD20306301BAE829A207B
:10542800D33C128DF7DDD97490A36BD2479F3E18F9
:10543800C387AD6236A41B16EE3FAF6AE0D4580F9F
:10544800D0A592ED9BC63339B4A2D34195A46A681E
:10545800D11EB3025ABFC05B4CEA82F9BB40907FB1
:10546800D2D673321537A0FD58D04C3028C7A24782
:10547800526626DD3CC31E9F234C9588F529C650ED
:10548800DF96922C85EEA0A3E83C9B6671DEDA8855
:10549800ECD80AC34C9762C1F0E0C7DE7DF0269FC6
:1054A80054E18CF3011D24673FB028171B6472A7D1
:1054B80035DA3A1C686578057CD9C0AFF4EA51B092
:1054C800B7781D9362884F2A621E0684A77FD4D7B7
:1054D800D6F3507C4071A5485092AB3C0A057FC07A
:1054E800981EEC4C143B20EEC57741F5E3C8C3F891
:1054F80094A550A3E740EE8CB59E7F4D46B2B6EF1B
:10550800FA1204AEABBC959755B713298DFABB4870
:10551800C2BE0B41F00261F568CF47919480415FAC
:10552800DB87CA71254F1153B07F8758635673675D
:10553800CBC9749E83372D3122732EE037721770D2
:10554800DB1E6C11A5AF251EFE2558CB0192531703
:1055580018B47BFE6D23E67C65267973CCF6D10002
:10556800180712CE68C787DA6B1D29BA9FE69238EA
:105578007950D5216967E4B89B37D8024828272F86
:105588008E9ACCD0B8776984403412EC7C2489F7A1
:105598003F99A13F9B85A0E6B72CB154E45F61E039
:1055A800A5A8340F3E8502402E89E39D68D211D804
:1055B800DFE1ACE078F8AF225294C825ACA967CFF8
:1055C8005E43C36FC766360D0BC2CB0E463B2CA895
:1055D800DD7DB28096E2A76F99D0E6B67EB27ABF3B
:1055E800D4B472B05995B2C9E7FADD7FF53F878721
:1055F800DD0F535F791FA6AB94E7F6C73144F790E8
:1056080045BCC0AA99EB46FE2F0284B768D75FC98C
:10561800C686B14532603D9CBB6BF20F919210DE9D
:1056280004B7EC759E18C23ACA3E1BC6EA1A18E6B9
:105638009639F89ABC9327581BE14E7ED05AF3F15D
:10564800DA2748159637C07794B98C557B01489668
:10565800D7A070FA3D873415EE1ECCEDDE7A248192
:10566800D46CB8CA50C44CB331801B24563E40B9E0
:10567800259EC72593BD86D1431CDC9CDF40DAAE4E
:105688008CE5F1D4E0D754ED536200725761C676C9
:1056980049C54E3BAF312E8F4766F0CA7883F76114
:1056A800628E110B869349295387F903D3686D5984
:1056B800CF2DCFE4C574844BDC6987BBC4C44B4E83
:1056C80042B02F6BE1301D64FC96399023977829FE
:1056D80001B3BF842349D906930ECE28F56FF43E53
:1056E800C278EFB468CBFBA0FB1D71E118E59E06FC
:1056F8007031775BAABA3DC2E5290D59066A431194
:10570800CD82F056C58133D9678F783DB3611EB617
:10571800C53C11B90CFC98BB76532E85379059A11E
:105728008B0236894A775D1DE9F6E04C7C97D6995D
:10573800CE4BAE668AFF027FD09896F47A1B0B8E0A
:105748008D1D6CE9A022D750DD4EF8DF067E69E991
:10575800CCD23306001B8C32BD58146791F7EAFE91
:10576800CE1F70364D9154941C7767AE937C46C615
:105778008CC4ACD947ED08F6D998EE166A7264D194
:10578800B7E8262858F1E3CA1230FEF829D9730978
:105798000AE2BEC71933F7A8A0B553400E337D1EE1
:1057A800DB248EF70329B80E7B16CB89090E6626F3
:1057B800211631187376AD6CED83BA31FA3AAF31F0
:1057C800AF4B499795AB0543175C3C1A7AA017561F
:1057D800850B4F7896D50E212AC64BA21A417341E4
:1057E800C7DAD348795FCB8749D19D6B7EE0E179F1
:1057F8001BCC0EA77E92BBE5CFFD80D35DAA5F6E62
:10580800B05C6143F4901C1517E747D9E92295323B
:10581800626D76ACE464EE77E753DB61E93F91258E
:1058280046651F9C942501D1D39D41A8218F3D1D1C
:1058380061A75C737338C2B3036BEF1086AF380A85
:10584800B69100FCCE4FF99C7A2D9D3B094F046D13
:1058580027AE41132C2AD1FE9E395A83F1247C7A33
:10586800A3E3292319A76A585E061C4ADF3BCE42E8
:1058780045D83FCC5CD2BA3A25E7ABF24CF1685533
:10588800C6153E3DCDD13F0630870A1CEB4A748DC4
:105898006EAE81D286A9FD64CA1AC5A4BB862E9AAB
:1058A800A6D1C7E26B8DD8C299ED1A6DD6F03BA28E
:1058B800A66A780DA8F4F1A0968DD2D5BA7458B519
:1058C80059B77682E099BE8FCB5BBCFECE1464D20A
:1058D800590CC96D23E07CEDB9C77346696F00C5E3
:1058E80058C0095D666A3A4B2E62238F80E2ACFD90
:1058F800587BB6B2A513F8295CFEEC372799C8EA9D
:10590800553F88BF41B33C323E9DBA539B8BED4D0A
:10591800A873A9500255AB50DE1E43EB38EF895AE5
:10592800CA92E160465F46F65B3BDB224162BD629C
:10593800AC0C4D8F04272F94BB28459AF7190B758B
:10594800BB26A9004DCB63BB86FE6AB177863F12A2
:10595800BA1577EF9E21C9D905ED150928025B050F
:105968000A591FDFDAAB877F82C82DC0AEA8EC3D8D
:10597800AB62C0308B418D1DF1D48A786AF49B2AC2
:10598800BC15A9C15BE27921CB6B2996DCB08FF2FB
:10599800BD26772EF908D343ABEB362EE23491E5DA
:1059A8004DEA771EBC829DE53C4E6EE732AB9FDD2B
:1059B800ABD1B2F1FEFBF6872E01515FF91BA6CAE7
:1059C800BCF39F7E57CAC8A8E3977E74B9A3CEAD2F
:1059D8006958DD9100B2E5CA907F29CC1F9931BA88
:1059E800BB6A77A10BE4FE6C01AEEA0596C7CC82D0
:1059F8003E7F074EA756610E673237BDD0E0D99576
:105A0800B40C85BB9989035BC299B7CD874AF7CC9B
:105A1800B7F773545E1F9D3982B22B7516EC8DDB78
:105A28005D3493641E7B5A9F151778BCE99037E361
:105A38001506FC8B3DC426FD61F8D804CE0572F42A
:105A48001624C30474A961D28CAB662F1BA3F793E9
:105A5800536110EB773E8BB05E1050970F1E228477
:105A68004453B4DB6296E51659DB215EE5938EBCA0
:105A780046E80334516AF7749A8157E6151686ABDF
:105A88009079EBC5A6EE52489177F508BF52FE73A0
:105A980000607C2A81F9B12AE1EB3AB01B299264B3
:105AA80031296C1A05B54E8C5FB00679D6CB165CD9
:105AB80095D52AF5130A3DEED1D3ADC1A5125A4B9F
:105AC80062F9347A5E6772C18805CBEAA1F7B62C11
:105AD800B3843295A6E0DCA3884C6652CD03B83B6C
:105AE80097806BA50C5241059DF1549B374F91034C
:105AF800B3CBDF4A36D48E670BAFB223A8E7A8141E
:105B0800A2B778472E2AEE7CEF087B47D0D0BEB3E9
:105B18001E09DCA83D6CB21EDD0782FF738552A406
:105B2800BF5A83982A75F4B82A8AC4369EA6769CEA
:105B38001F7CA377BB9F36DA383E1D8E3D7D9A8B3E
:105B4800BCC303F8A16179F5054065A549BD2EECF4
:105B58001CEB2317308BBB971774BC1DEE64C2FB7C
:105B6800BDB47C272792FD31E479FAD433E36FC3BF
:105B78001D52F5C8E82D6353A04DAF6C8AECC6D40E
:105B8800FACA3D39E57A5D6FFBF2DE82C623050C61
:105B9800B585E0D67DA3250D2829FE3A6C10F01BAB
:105BA800B21DF8E632A1F1AB9B0AB9F3813B57234A
:105BB800FA965C09FA442FC9FC58254B02BF1334E6
:105BC800980CEA86246836E6A50E8260CABB4A535A
:105BD80008937D69BBE89684431D2FD8FEB5F14430
:105BE80024A6DF5933CE6A22777FCD1113385A7C29
:105BF800BBA02BB6DDFEB340BEBE54A9AFC3F06B4D
:105C08002C8532B30B28948936FD26F0EE3A6ECEF9
:105C18008C17A65C5F46C4EBF79EE9485E82CDD937
:105C2800C2E27B6CE133064DD7848881FB65B0E125
:105C38006F6E96836D0A7C2F86D0E8395CFED4F6A9
:105C48008A94EC0C20699C00F8CE29124AF4E89159
:105C5800EF6353E3E65F1C62C80168AA88458C8637
:105C6800AB2593D3C05618C47ED5196306A220BEAF
:105C7800EC942C3C026FDBA60C29D6DBA03945A995
:105C8800EB8BFACD02C09C9AA75B0C350D61427173
:105C9800EB104D2292B552F81548108D2B1BF56666
:105CA800882A9A12D71F1C5E61317B44A234915E08
:105CB800888583FD3697E13C517C83FC64A5FE49C9
:105CC800765888723E89D8132C7BD2D710CD672E90
:105CD8008B1CEE9DDD306C715E54156F87168D3907
:105CE800DA704DADD8BA2AD709F145A65E3BAF01A7
:105CF8008A6B9142EBCFE8B54B618A1E59EC451689
:105D08004783CC4FCFF092AEEB9D627AC14D96B1EE
:105D1800686BFCA02ADADFCC69AD23C2EEA94AA6DB
:105D28000CC785906350996AFE0C9E0B87AAD09E7B
:105D3800A7012D7F7B74F508AD1613B309A29589C9
:105D480095E39BF0D974A027C18AB1987C42A9EE4B
:105D5800A5B8AD1FF1607845835CB220DBB9CCF9FA
:105D6800A4747B2F0E8724E33E3B2BE932B47FC11A
:105D7800A40FD2C04E7075810FF60C51AD3C24D6DD
:105D88008235083141FABEBDC91F28BF7B59030EB1
:105D9800830964DEA7AB78DFBBA3EF075C657D19D9
:105DA800A20D6DEE830924794B86A0CE9582D02171
:105DB800233E5B012AE1481B3B306F769B0A9436F1
:105DC800B1FEED8E38D7A9347426005D5619895175
:105DD8009084DB61DAC4A75607DACFE5F0C2ED4656
:105DE800B1C99251BF042DF090FF9E2C194F577ED8
:105DF8008B90E4BE7C1DF192E203509447E704695E
:105E080003F2CF4BB67C50C770249EE4BEDF23302C
:105E18006B904BA495C1D2A513BD9A5C7EA44F2765
:105E2800997C9194E2E35D038795D09534A9331F5B
:105E3800ABCD2F7BA2721661BC38B12D83585708A1
:105E4800D60806F4051BC74EAB17DE06E6F26A6FE6
:105E58009B3EAE1B8926BD2CC9B197BE930A157807
:105E6800FC7EE72BBFE9DD8A6F5A67770EC4734063
:105E78001B8900C48FDD47E8F87437CF2F3FDC5704
:105E88009C7ED8358C74D0D431642C21A48ACC8FD4
:105E98009CC567DA5F0D12B641F8E3996BF1A898D3
:105EA8009D09A7EA8A865410BE5DB350DDD09BA039
:105EB8008EB21905E1F45572D2E174E88981BFB751
:105EC800DC93F48AE137DD5D2E9A85C3EEE182D05A
:105ED8006C294B6512E0D03F81ABD57B5A9AE7C756
:105EE800BDE58B551BC45999520E85B2B39B98FFDB
:105EF8009F5CE7BA145F8CFB20B2420A87446FE8C4
:105F08008118D8B7932C26E059C03D6E3F61734F76
:105F180090D7A6583355EC82B8F26DD68B1A16581E
:105F2800016F7568747165242B573D1F6297BA60BD
:105F38008057CA8734AE604659EBFAA7416A0177A1
:105F480090F626087CC32F69043D948CA3F60210B2
:105F5800926D59E79F8EBD0B740F943497FF9E077F
:105F6800138941D7FB70DDAD63E246FD75A5F43FAB
:105F7800913EFE385818A1CFD7C1EC4589FEB1280B
:105F88009485A6C968AA77F32858C8ABE1CC9AF0DB
:105F9800973ECE265CC52F915AE40613DD8036E77E
:105FA800D6E3E4164DEE4137088BD0DA5A0C9ADF67
:105FB8009649F6F98E978B556FC59962FC779EC8FE
:105FC80063BD067643B74B7A1E39BE49821790AF38
:105FD8001794ED99AD70671864E17AF13096C1B8FD
:105FE8001E9C3DA9083F9FBE7084813846A9128037
:105FF8001FE82D46D43830DCA5B6A6802E22999706
:10600800FDC60BBCC7AFD40686DAE3A4AD190912E6
:1060180026C5D953C34D16647ED9AE1C0B2613056D
:1060280091B67C63CDE771C297752FD517D96F3DAF
:106038004CB23C8C8F21F1A0B048C96D76688C2A8F
:10604800A210030305CC138FED9EAF4614DA364D2C
:10605800202BDCECB2E31EED3E4FEFFE97CA835ACD
:1060680029E3FCDC0ABFD54B295453377646BE6278
:1060780029DC58332A467229DA8C378FC9394B758F
:10608800D15A64C21A2A2D15EA435E61B2EC87AD73
:106098002D98272D1F19C3772F2415D93139B1BA57
:1060A80026D41A1DFD11BAD17F1A451052AB598258
:1060B800AAF01DF258F047B3C7D987A8FF4F6895D3
:1060C800250D777D367D779CD8CAE4833B973FF2D0
:1060D800644EA392BDF4E2FE4ADCCD3BAE54E9E542
:1060E800E8623DA21C71C3581D4E45F245D98CDDAE
:1060F800E081824D2D30DA3A44D2A94AE1A221CA80
:1061080029354D403FB23921AE96D52E512AB56D6D
:10611800CEB18DAF2F4EB043ADCA9E967C957A7A9C
:1061280094759D9FD8CB9EE54CAF435F96D97D4231
:106138006B097F701BAE2B873933F2E7332A095579
:106148001B3BE5FFB057BEA8269701CCA751FF32ED
:106158002B92601045A9C2CAB3F95E74E0B3042556
:1061680018D0622077AF416C82DC13BD8A344E1D93
:10617800689680CF5457220EF141CD059CCC220A57
:106188008E9BC53EA2F9E1323DFA21EB33FCEED2FB
:10619800CF2BA2D195370250CA53CF533AE00DC541
:1061A8002D6B5CE1436A62F6A7A6079AA38246FDB7
:1061B8002ED4600EE3733994AFADEB22A816C5EA6E
:1061C8002EF7DC81A11EE8BB0BF2A6097E51DE8DFD
:1061D800ADC1F96E9D9693D9C1EEB3B178EDBB9A76
:1061E8002C805C5E3DEC6C7FE6D53978326988A2FC
:1061F800D7B222B1E51D901D06B749C09D14ECB574
:106208007CFB6644E793C648D8C3DCB03DC61AECAD
:10621800BA0949ABA2755A2AAF5C9F08E10EC9FBBF
:1062280031643A9B6360828C33F255C10083FBC3AF
:10623800CD3DA674469E37EEB2D121792A47BED409
:10624800749343FB4A670EC11FB49452D399A3B306
:1062580048ECB614A6B57AA3BBC318EA786FC7A4EE
:106268002C90D6248048FB05FC897D237EA1859C43
:10627800202B64CB9572E167C399089BC02D5D8B79
:1062880022D4A93A06D6BD5B4AA91B7573AE13532F
:106298000F8026D56DDDDC3950247FCD1B3ACE44E6
:1062A80033A3C1E579AC959F66F30B0475524C7C1A
:1062B80082207A0AD83874FDD480E3BC9323256BF6
:1062C8006DD566852131B4D26ADD2597F432BD0CCF
:1062D800D236416A30AB57B0989ADB2F0C3F211B5E
:1062E8007C4BA05A384C0616216B8CE625B5442306
:1062F80033F6A7B5901ED3741CF3FD5EF938263427
:10630800684B98B8F421A86FFC8FEE3A35C3CA934E
:10631800BECF9357E489C50D8E13218292B8AE84FF
:106328003BD2496752CB2DAB1D61234B7F42ACBC9E
:10633800577E4F88FA8526C92FAA98F3FDF6E0AB59
:10634800CEAC4F075F6869E6B6FC5BD88996D4CCBB
:106358007E97FEE80CD0B38446611F600C5518DBAD
:106368002CEBACD83BDB3E22FABAB3A9E6D892E3D1
:10637800B50F1E3712FDF140C19DC311C1A688F4A7
:1063880031ABD3C6C1C16B7C9C1FDFFF8EDF5F2C96
:10639800E32BD8292874621EE08310475395213BCC
:1063A80030186719B1C420B871265F8EBCB88C0349
:1063B800C6D508F672FDFDDA4F848B361963F714DB
:1063C800C7773679C6EDA9F5A26DE11D61FA5C7350
:1063D800BBBE4496057FFC975082EDA5357E376499
:1063E800B97284A689DB2D3145A7AD6CDDB3945C09
:1063F80038492B4982A838533D34B5D43BB8634B50
:106408000490D94C461B419A2096F08D5300B9EE62
:106418000EDD6FA3846283F871F51835D7BB4EF98A
:106428005D26AB932AD6715ECF5088FC3936F0C111
:10643800FD528E7C23E93C3CBEFB4844984D91D6E6
:10644800084877F3530B1413E30D606FE61A33B162
:1064580006938E1CA9858A71AB3E86D70AEE7EA666
:106468007FC8542C373178D74126E81EEFDFEC9EE1
:106478000FB35EC33EB69DB5CC0A11A65F6189898C
:1064880088832B324C558189ED6E3D48E00EC8510A
:1064980008F715DD387A89EB77A6C5F088202E46EF
:1064A800892EC7ED5AA61D4DD279A639842D827E34
:1064B80088402802099FDF2F7ACB6D81A1968069D9
:1064C8000BA38C8D02C86000DEF594AA55F19A0ED4
:1064D800386DF86203C252628C290312F0C4A619FF
:1064E8001AEF9852C601CCC4E8C00BDBFA0452215B
:1064F800291A87BD8431D6A66A109C63BC326E36D1
:10650800365EB9B0638067BD19E56D07F989719189
:106518004356995FA3F0A5DF7B79A3BFE7EA988686
:10652800665FC66FD78ED879A95B2C76BAC331BEA1
:106538004201EE8036CDB21B3E097CCE6DFCC7A968
:1065480036B0460FECE9A534439F4AE51BD2A3CEEB
:10655800154559E0AFD9BF56C24FDD5D5FE49FD9FD
:1065680027C739D06B1A21F0A5A6D59457246BE11B
:10657800357C863F2BED28924433032C805927F62F
:10658800FE085CCE384E78AE9C1BD2C2C252592E41
:1065980006A27021A9CA85CC1ED40C7AFBD22F3949
:1065A80071853911DD0E636AFA3296B3F313DB0194
:1065B8008373DEFE2E68A1080B2E920BC760A71608
:1065C800A05B2A71F726B627DEF6F020A38C487167
:1065D80001E2469EA454BF45AC4A379815011F6690
:1065E800010E46AED0E96AE33041A8516EFE4B5E1B
:1065F800819D21417D0321818E12B7E9BAB977497E
:106608001B2929B428A3DED498B87099D34B20103D
:106618001F958C5BDE52D5B631E9EF21B9185F07BB
:106628000BD1846B59584A10CFE870E8424F603F4D
:106638008A6B228400A18972BD94EF5084E8972860
:106648001848050B6CE5005DE0E2977B5A40B14FB6
:10665800435273E4ADBCDC3F90DE4EC3A7F4CF5881
:10666800193F7AD4E8168499077B090A17766F6070
:106678001A84C53B41CE42FB77C7D9B2B00D0B7720
:106688001E03C6CA262D9FC7061CFD5CFFB617AFA2
:106698001EB879251DAB55A596839FE4330CECB83D
:1066A800478DA515A4E68A03002FD82D8880318050
:1066B800FF76FCFA9D58D161297292954EC2A79730
:1066C800DFD5A875CFC0244E74A4FCBE3AA29BF0B7
:1066D800E191179A0DB9E62C063833069DD9FFE7E4
:1066E800E05DD7AA4933A08A485C8CCF1429D0DF53
:1066F8009D960A45DC40D4E8B9C23377D31B24C839
:1067080090D234482F7FAEF3F93DDB138B44E96F09
:1067180090698BA7D0066C91ABA114ABFC0C8D785B
:1067280091A54B97918C2A378C044462756A214055
:10673800911EF4785EF5E855CE988BDA823F45577E
:10674800923CCBF71298A77A534FE5F1062179309E
:1067580092877418CDE1651841D32A49F18A1C271C
:10676800934BB4288C6B23BEF6767A803850B01FD2
:1067780093F00BC74312E1DC06EB7E384FADD4082B
:10678800950FCB3614B1B5E0ADDAA6D6000DC8D05A
:1067980075B2ACD926C7188291467B6E7CBAB3C74E
:1067A800FCF8B5E989423D2429E327A7783870FF2A
:1067B8005C4C6106413BFA46B270871F204C77E873
:1067C800FB6135895B56B8691EA98F34B523288FBC
:1067D8003FD5E966D82F7E0B843A268CD757279861
:1067E80009192C5664AA57ADC790154503D891A02E
:1067F80096ADF5B96ADCFECFBA0CDFFDA4D6F4B7C6
:106808001F28E35D044A7B3FCB38E5F744AB33EB05
:106818007FEEF5B297BA115D9AA12A4F34D240FCA7
:1068280031D62382B2C8FDFB4D8DD2867E5DECC485
:106838007D6F8B6D3BC02A995F76B73E99AF20D3A9
:106848004D4FB4E2BAAF72B6474ECC158DAEB7B461
:106858001D7DA30DBAD4B0D4F3D014AD6A3DC7A33F
:106868007C88CF3DDFD75E7287774464E0B37C9B3A
:10687800478363D27CFB3110F56223DC04CB188C90
:10688800F97EB42319847F2C5C829E324BF9AC5478
:10689800AAC70BCCEFF8AA4E1F47408A8CDB674388
:1068A8001B8263FC2977ECE83AE007434986DB7BE7
:1068B8003877EB136A49BC8ACABD5BFB43B2D86C14
:1068C800836D519C60A4FEA596F025D0949D8E0BF7
:1068D80084D6E373A5DD3CC7E5FAFA6810A6B01CB8
:1068E80029A5A743E0777261139839A1C851F42408
:1068F8003D9914AC97AAB50345EA61194D10383390
:10690800D513B5A183D15D18D2851E7DE7543D947A
:10691800F5E8524E42E6C77A835771C5C06681834F
:106928000768CA7EE421D9DC27BC810CA8A2F5BB84
:10693800F79F2D91C61543BE47204EB48C575AACCD
:1069480067B40B1EFE7E2491D77D3A9FB8376ACB79
:10695800761776F130B784F316F966275D8BB7DCC6
:106968007742FCC1F78391558A7C20EEB5C8AEE426
:106978007678CA2E49FB4237F8C0E75610FD90F3E7
:1069880041FDE2DF5CDFD10B8554F1B81821D22B31
:10699800437CF5307A688C69878CAC00C8C9213C87
:1069A800F0F96D001FA292CF1267A4C9020A2D0444
:1069B800700B0AEF2F9708AD83B63371963FE91332
:1069C800F260ED6097B61F823F2D055A79D4C274E4
:1069D8007393C18FBB7992E045670CE2EC4FE96392
:1069E800725A01BFEB7C6B46A22D6A2BF7ACB55BE4
:1069F8005A95DD5090C20E2428B1A5932866794C8B
:106A0800C8A61EA52B7038711BD4BAE3CFC7A6152C
:106A1800481CA14A58C8FA13E949755B74D24A025E
:106A2800648F417AD10F3BB562B30592AD3FE63A28
:106A380074D4FE950316F9D7264FCA2A0CE4822D82
:106A48006A58971A1632B6F8CC290B01335E364AC3
:106A5800934B65F5842CB89A298970B94F19025D52
:106A68002E28BFC5F0A6293C64162470D620D96507
:106A78002473002AE26B785EC6BDEFC89AE7DA7223
:106A88008E4319DB0F5BAC626F42F726248F2EAA68
:106A98009C235E3483514E006C4A089E72E3E2BD2B
:106AA8007DBC7204C60B20A66A33A857BB6E4E8500
:106AB8007D07CDEB0572E2C418AF67EFA599829206
:106AC8006F647D642F5385EBD5F0CEC4A83D85F562
:106AD8006E1E498B8462BF89A74C097CFE62FBE26B
:106AE8004E7A40BBF3A0012F31E946B553CF41DAC6
:106AF800EDE6E5540B912B4D62D4920DF4942DCD17
:106B0800FB65E0591CD61056C26041699AB0786A94
:106B18006296B7B6AFD35334D215B1D12E020A7DDF
:106B28004312BF86B2153D9244B0FE1816032F4596
:106B3800F265CC692000D7F02C85E1A099F4E352E6
:106B4800B38B1FE67F2890DF66DA488B14DC373575
:106B58007FD99F090A7872BD09EF9133918F9B22E3
:106B68007F154039A932031B9E6208FA5B7E3F1AE3
:106B78002EA7E0D62C8AF6790DB62F42DC30520DBE
:106B880046712827766042452CCEC4AC934B50D52D
:106B9800AE03A0C8B7D14927779AD21435302BC293
:106BA800C7C7C8F841412E817B25ABDDF55CCFFA1C
:106BB8009A836D173282CDE391034C651AEFF4ED99
:106BC8009096DB987E874BCCEF3B394E2D07078A92
:106BD800240D6077A8AAC9AEACAFF6F6987C729D72
:106BE800650DB7477C7CD7084905AA3F97780CA55F
:106BF80062D2C8A87FACDA6A3B397387870B64B264
:106C0800D48123ADEF7AA3A35F4E98DE8E93B61797
:106C180012F486426BA2A8C15F534D662BC8DA00F6
:106C280056F75C726A892767C8D603AFC2456138D0
:106C3800502AF99D8F182D05BA63C41723BFCD2F8D
:106C480050E01F12A5357D2A3469353C42DFF048F3
:106C5800533F70FDA4EC70489F206584F3A4955FB2
:106C68001A36A7CD294FE7EE0885354D182939671B
:106C7800622C1C22EAB63B8C79D9ECF5F0F39470BF
:106C88001E52C6D3BB356FB0FDA8361BBF4896A8A9
:106C98001EE9783C3625BBD2ADDC31A3001AFABF19
:106CA80051A4700C744724744C397E6AAA4AC98767
:106CB800441FCEE3B45A3616EC057ED24CE532902A
:106CC800513DF06CACF26E3961FAC1F938850EF7B6
:106CD80053864F830F2AA85B13E610419C3E7CE045
:106CE80005EB46B32821F4FD8663488820F219D8BD
:106CF8000550E75CEB58379FA2F69130A501B4CF59
:106D08006B704E51CC668784A08AA05471CEC86837
:106D1800CA5BF1BE0E9E46E6367ABFEC1CF75C7F76
:106D28000343AE8E5C150140FB1AF825AF5321478B
:106D380000380761C2CD0A228BA6299D0A885350C4
:106D48005E5BF1EE8AA05B0DD67046B67CE86F37C5
:106D58005DE04E014BD9996F3C05880EA1DA1D20E4
:106D68005BE44731BB496FC9619BF9C78ACD3818C5
:106D780049C4D9DEBDD822AB7AF6167F6DA95D0F5E
:106D88003F0A292FC468D697D1DC8E91231041D7AA
:106D98005B1B90C00701ACF5B3A8FA29416444C055
:106DA800DF50BEF0BA644853E595BAE02F6120F889
:106DB80040D5BE1FA3D35F31D580DD581D67CBEF0B
:106DC8004DC64E90A172F81E1A3F3A733D9A5888E4
:106DD8009C95787FCB1E957C25CE24CBF78D2A9F5A
:106DE8005CB1174F4D7F03DA7DEFE702D146D3A799
:106DF800DD0A44A083058EB8B97238BA76FE35B07C
:106E0800C4394D559102A5ED3F9F7FCA221EB1E9B5
:106E1800458203BAC27A258F4F0B2472056436FE69
:106E2800454FFB8AFB0E31295CECAABBEE2719C63D
:106E3800B60A9765C388B14BAB328A03E911AFD163
:106E480045970BEA89243564E7A47B288E7193B6AD
:106E5800466DC405489C640650F6AD90FE06F7A141
:106E68008DB033352F569BA0219DE459724530993A
:106E7800045BCBDAECAF73C230012BE114BE0C8E8D
:106E880022A40B2B56EC42FED931380F1E8D3A56F0
:106E98008B77F3C44CFDC79CFFA5F7B7AFBEE7419E
:106EA800F393CDF42D3E1F3A4D48387ED433807984
:106EB80023A8CB1BFAC643580E5468C6F2C8966E70
:106EC800508AF494D2AB0C77434A04ED87283509ED
:106ED800C92E6C7BDA4D2F15109F2855A092781E6D
:106EE800407D534BE6D741B3963B3E9CC9DEBB265B
:106EF800C1B78CA4D7A193D1E5A7B7247EA1E73168
:106F08004482B3A9A09E89CA1D5B9940065DC596B7
:106F18004D7C544671E680A86FC756F8BD26A181FE
:106F2800C6B5947666982A0E7062C031345E3DB953
:106F38000CF57C997714AE6CB2F857893FAA3EAE2F
:106F48005E6C5216BEF9E043DE5C38A2CA4512C92F
:106F58005FD7ABF96C041A21A4B4F61A7E3E16DE8C
:106F6800461BADC9037F23873A54FED385B271E629
:106F780046A01226CC06E1E5C2CD316B1E3DF9F1E3
:106F8800C85F14D7BF508DD9810875856D72A32944
:106F9800C8E438387A2A58BB732EC43DDA08B83E9C
:106FA8004B285208AE231F1D658485F4338552068D
:106FB8005997D4E7E5DADC7F04182A4C8CFEF011E7
:106FC80069449468A4F2CB504BCF8F67F89ECC7677
:106FD80055FF2B87ED8E09321CA7ACDFD7E56E6114
:106FE8004AC694B76D414F94E1F34516BE68BC5943
:106FF800C3E2ED586BA24BF6DC6A4CAE1811A64EF4
:1070080019005C7F71684974E91AF003F77D26E17D
:1070180059FCED9032908B16784916BB71029CF69C
:10702800F2B63EA095D5DCB0F9AC0472994150CEC9
:10703800E8BB914F346C1ED2E930CBCA2FF094D9FB
:107048005BE704C0FF0E40FD5197BEE14A90C8BE01
:107058000B914B2F34F7239FFE7A62598DCF54A999
:107068008858D31F727D3B39CC2B07900523389164
:107078009AE2A7F0B104F95BB2B7C828285D5C862C
:1070880067E88B016AAA63679E73FCC63D6FB05EB2
:10709800D3A704EE6965F6057CEE527E7ADB7C495F
:1070A8001DE4A2DE4E54A1A3684A92B7A2D8D171BA
:1070B8009CD00C31BF6D25C119D26C0F472BA66629
:1070C8007CBD23BEE14028EE45CA622400FD8A014A
:1070D8001EC69C511939EA8C269C0D9C17F844163B
:1070E8009C054D6160C7B72AA0393D55AEB8182E2A
:1070F800943E538E97CA6648B2810AED8BC62439EE
:107108009A7A338314012953331C2289A1CAB29E67
:107118009AC18C6CCB78EB31CB85ED31D2443A896E
:1071280013008A5C50068A9706A94DF8C73DA6B198
:10713800930362B3837E29F5B4FF2A40C849A4A605
:10714800B2944C3CC912F6DAD8A1456B3D2689C1E8
:10715800806FB5D3086F05B897B699D37912FDD665
:1071680097E337E34C2B231E6CA5D91AF25F51EE37
:107178008758880C9E98417CAE47BCA2D7AB24F9AF
:10718800162753FDDC3B7D4037BA5F4C911099219F
:10719800991CFF127F664722C723C8F4356BA336B4
:1071A8003D240A225B8DC1844287533DDCE60F0EE5
:1071B800319FB5CD12F103E69DEE7085F390AD19C0
:1071C8008549AD420015BCC96CCC2EAE07FD027EC8
:1071D800DAF78CAD5CA148AB1F50D016A084336998
:1071E80014FFDD9DD62EF20D7B7AD7DF4F0B1F5192
:1071F80097050C721427536FFB690967EB783D46B6
:107208000F36CF875C81DE3A09B77917B910D81FD6
:10721800BE0B1168DDA7D7583690A7AFCED1D108DD
:107228008FC1B35818A280FE2D44E86676E7123065
:10723800CA6AD6B7D85B439C5EABB6DED19C7627CC
:1072480089D0993890B69CB3827F28F5A6149040CF
:107258008C56E1D7D0CECDD1E1E0874D83083F579A
:10726800802F30E705F0E6776646B584EA0A826F34
:107278000CE59008D73C4B151162A03C4EF1E7781D
:107288008B64C1F9849F1729D862C3D201CA6BA045
:107298008AD08E1664BE0E4BAF76E26A25B135B73A
:1072A800096D2F26036D38ED3953F4A34F3C328F07
:1072B80088AFC9C98000318F4B4F3B1BE8475698B0
:1072C8008BCDF6460978B6A0E316453069D810FF8D
:1072D8000B3E49A9CF70BDC2E50431881D5F6EE839
:1072E8008972B1998E896A64F6A0CA41D2D99AD0B6
:1072F80089499E766DF0A806843C05F975A2FEC7FB
:10730800051B507BABCD221D64C0ED9D4DEFA360E6
:1073180087B72794EB34487F97533325192385770C
:10732800877B77A4AC3E9ED9018813EC8050F84F38
:107338008541F04BEC4894BBF365BD54A4220F582B
:1073480086E35FC48425DB94AEB3D37FD042333F5A
:107358002741102B6553E9F6DC2F1CC7777957288E
:107368008495181BA3590750B6855D0E6D43B91057
:10737800862F49F4375E2A323D16C5B638C71D0731
:10738800084F3105389CCF0E78B96E58757983DF70
:10739800012E48EA737A536C94BA2DE0D20F2FC8A5
:1073A8001159F7DABF740ECA7019F729338213F02E
:1073B80088180B35FD8D73A863826B9190F1E9E70E
:1073C800A1CA77BABFA80087275D5EBA62152F8069
:1073D8009085EF55709D04E5513D2602CFA677971D
:1073E800088CE765329707439BE9E8CB86E23AAF1A
:1073F80083F25B8ACAEBA72189300D73A1EB58B8D9
:1074080098DE1F8F0F540BE8F2A0F12A47A1A31DA5
:10741800F8918960ECE0A88ACF3A86922C4C580AF9
:1074280025188F50AAAA8D2C5B57635BC59295329D
:10743800A7A2D1BF48D34F4E38033FE3D0E9022576
:107448007B3F703022FE9F61915236C81DD6334271
:107458003FE476DF6D18E5038B56C67032379155D9
:10746800A4F770EFA409FDA597ECDCB95B3FBE6DEE
:10747800B40D5C00A7BD5FC760FF7101CBC41B7A68
:10748800B9FB57F1BE52C6FB2B5012EFB37FD6A201
:10749800B948B01ED35E469963054257144921B5D1
:1074A800A9C4982EA2619E3F76393D9E57C9658D25
:1074B8005CCCB0C1F15BBD5D64A1F22690B6019AC7
:1074C800395DF04E3170F2720AC00B0DAE94D5FDE5
:1074D8002AE6A7A11C861810D1AFF1B50DE9F7EA85
:1074E800D2AAA7915E8C5EB6030AAD7CEA6452D23A
:1074F800591E187E29BAFED484590CC4D31F33C52B
:10750800FCAC997382C526CF86AA07A0751224629F
:107518007ED1CE9C4AFC43AD26F15B1858666E7549
:10752800B8E23FACBCB6810B7B5353D18A1B934D59
:10753800FD605943D40FC7690FCFA26976706F5A9F
:107548009E3E10CC19665F464319B8426FFAB43DA7
:1075580080008523DA5B94242C05BEFA4504EE2AC4
:10756800BF0C1E13132EA482B0206D332DF6031208
:107578003133B2FC31EE41E0C1B4FA8B0276240516
:10758800B34CCD0D034A4EDC0C8C7765F43A7BDDA9
:10759800B9BF4EE2D93AD7BEF89442DDF1B238CA43
:1075A800B43F48D22F4B261865F92E14813A5CF265
:1075B800B643A13D4979747A1C26C9AC47BBEAE5B4
:1075C800D44EE1B2EDECEC55D8FFD787D3249482A2
:1075D800D1E2CE5D8DEC8137D8630F3FFE9EA79533
:1075E800BA514F6D7B50789120C656F61F925CAD0C
:1075F800B32ACE82D5D5EDF3DD5ADF4E3DA938BA90
:10760800DBA772774521D5A65462C03E8CC82EE30D
:10761800CAE27B9891583EC4FD63C4864AB383F49A
:10762800F7D10DA8C2D26F6239C6944FC8FEE4CC18
:10763800AB95CD477C549D00E9A4C8F78ECA65DB9D
:10764800E4B7B8C80DFF3A2F604CB1DC3A1CE0BC77
:10765800AF0CD52787BF2D4D51D04064670313ABBE
:1076680028C044174135E0EBCC7461ADB513749371
:10767800A97B32F849B394898BE9E11509E8338489
:107688008744390951EFB7B51E26C2FBEF13885C52
:10769800A83B4DE6E156BED7E94A5C437E68E54B18
:1076A8002432DAD6DD1C0F71AD20E98A61EA27732E
:1076B800AE48743917E57213677CD532349E6B6413
:1076C800362A0DB64648563CD959FC19C1FE57030F
:1076D800AFD1B259D38F035EC277DFA1EE81A31475
:1076E8002FD9E269DC7B04F8DD9C34680C08D52CC2
:1076F800A4A255861D82BA9AC0F09CD0AA77633B93
:10770800A0E2B18BFFBB8281C2F34AB42A23A69CB4
:10771800C0598564DEC489E3A76FAC0C56C5098BD4
:10772800A0958C54E4B179452FCEA4C5DD8821B34A
:10773800306EDBBB3837C42768A9147DE9CD52A465
:10774800290320347F5AC1084DB992560E9379C344
:10775800A9B72BDB55DC036AB2E385EEA8E852D45F
:10776800E77C73EBB3AFC9CCA7BC5C270C6138ECE2
:10777800C7C005043FD0B3AE12BA939F6E815CFBBD
:1077880022200CF56C77919232166F714B26A72345
:107798002E85201A4E0568F0C106BAC92DDEA83418
:1077A800A94AB52A6A8186569D3A8B00E3564E0C43
:1077B800AF755FC5AFFD453488A8B0B87AA9A91BD5
:1077C80068C1554A6094881B996640933D482E7C51
:1077D8006872E9A5326D4A79A7F2112B9333626B6F
:1077E800C2A69495E76724DF775FDFE2BCB67B53D8
:1077F8003D9C237A451CF4BDEE410A5AD3957A4440
:10780800C59FC09ECA88684D54F23E50EA4F58182A
:10781800A5A56B716E71A32FA661E0E84D3B2D0FF6
:107828002096C141C87BC589FECD9A216A3C65373F
:107838008AD6FAAE080279EB25D06A990ADD0120CA
:107848004C6FC521CCF08EC4109E3BB2F4263D4748
:10785800C6487ACE031319A60C12DD0AB1D6BE505B
:10786800838736FEC11C4F00DBBA54C3AE54F1689F
:107878004783241193E5CC62F8938C7B19A9917FF7
:1078880021CC28E0B6C9715EC4143A95101413A728
:1078980041C75B0F951FC83C423F502DF72F7CB066
:1078A800314B2B3FDCB5EE9AA8ADD7E4FC5CDB8806
:1078B8004200EBD0F34334F853B16E5C4996BF9F56
:1078C80043921B5F5B21C8D7FAD0A177C5FB1DF88F
:1078D80031176CB0B2CECBB5F0F889CF6A052CEF72
:1078E800CA591180910A7913FCDF5A06471FB5D788
:1078F800C3E12C6F1E2B257197C22EBEE02CD2C07F
:107908005F251262361CC16A7F3EEEDA73793267F0
:10791800CF1E858DB36D9D08CBAA94622B875E70B0
:10792800AFD057BD1C65C1AE963FA1AB538ED948A9
:107938004769EB523F9E1DCC6B1B9A1371FBAE5FE0
:1079480048C4DDDD73F324E3344C5038EF14953824
:107958004EFF6A325775EE81A7D23180C66CE82F88
:107968002C33A802118FC82750741549CB66B41759
:10797800707872ED397928456FEF90F1271FD000A4
:10798800857D3B1C2EDEB27986D84A1F27A274D883
:10799800CAC1D1F3A0A3EE1B98BC13A7815977CF16
:1079A800CA0FDAC3272955BD0CE1446EEB5BEAF731
:1079B800483B1D2C255070DF6A7D8BD6CA2FA6E068
:1079C800C8967CA36C3D03F027F1E4FDAE0D9A87C1
:1079D800CCAF3E4CAA44E7921C1ED7455E14589083
:1079E800C9E1747C29E65F34A7D23A8CB0B9F7A80C
:1079F8004B3F9B933BF63B56B64A343453833FBFC9
:107A0800D16901667A46C2034B425744C0834FE6A8
:107A1800D3D2B78925E1696114B725FC66D828F166
:107A2800507B27B9B60289C7E006B435CA1428C9FD
:107A3800D0A5C1563FCC84A5DBE6078D280CE3DE34
:107A4800D585F6D9EA7DA28AAC5AD6A65F6CDCB990
:107A580089EA8636EC4A1FE8BBC40B1EE6C3D2AEE1
:107A6800D0F0FF062932D04EA88CA3D7C7B8E99624
:107A780040E6CEE9EA70BA2CCB10646FB4CA7081C4
:107A88001AB45818B87E1710D78D2A813FD539599E
:107A980047A2B1F79A071C7241BCB039A9AE5D4E36
:107AA800176E71C76E206AD476B683F0F4D558760F
:107AB800B769FE283ED4FDB6E828E748D3755D616E
:107AC80056D2C7A7C8992F99DC7E8963A01D9F0647
:107AD80014E37648F2E0EDFB29EAB8DB81ECAD115E
:107AE800312254784195D15D9CA17712880AC82922
:107AF80037F09897D079083F2D3DB8AAFB02F53E9C
:107B0800E8C8FF9AA7342B249CBF09CE739A8199A1
:107B180022960275F66C7E467E02517670575B8E11
:107B2800FF9C174593DE3CE0C8C5CFBFDDC1A0B6BA
:107B3800DE1C67AA56F438827B12FC07DA9B5CA12C
:107B4800DB3C38251BCB1AADE05CF12CAFFDF0C651
:107B5800590787CA5F3A26CF9448C1944A8364D1AB
:107B68003C739FFA78B8466903EC385DC801D9E9D7
:107B78002A0F82154D81AF0B3F87A8E5C7B55FFE79
:107B880090F9CFE4EE26F337F4B7BB0BA08EA0260E
:107B98009242700BBADBD255982B74B34E91B53123
:107BA800CC1D263BE0FFC3F3AFB1207ADECE8F09B0
:107BB800A083E8D4119EB1917192B3C22D7AB31EFD
:107BC8005E1E805B03054FBE6832C8E9DDBCDE7906
:107BD80055C586B44CE335DCE201625103F79B6E70
:107BE800DC9346840141527A00BC32981DD3165664
:107BF800C181D06BE92398186398332039219541C6
:107C0800E0F1456E9BF81FD13A2A9479551942E460
:107C18000AC59C8108815EB3E17FE4C1146D52F30B
:107C2800EC9924B1BDE1221545F83B08FDE48ACB67
:107C38006CB9E35EDE725977D98FC4B0FC2C25DCB1
:107C480059A81FD15CA83758EA05329BC8F4D2BBA3
:107C5800082B633E5566573A2B0CDA238980C2AC51
:107C6800EE77DB0E80062B9C7C3CADEAD7BAD1942C
:107C78002B64DFE1082271FEC1BF6A523EDEBD837C
:107C8800E528D01003B2EAC26F2750BC2626315B24
:107C98000F20A0FFBAF8EFA09704BE04BA09CD4C94
:107CA8000E54ABCFEE4A6A068A1E4CCDA019467414
:107CB800E8E06020CAA3D0647368B97587F70563E4
:107CC8001C75E0AF076E244B3EEB4F5E1C903104F1
:107CD80072C957404CAC2929544C47E6BC5B7C130D
:107CE8007F5E0770E32D6B8FA8E2132F59D6532BB5
:107CF8008C2C079FC65BDDED3DEEA49788470D3CB5
:107D0800E1483F92A66739F6B5BDFFF33D10C09B29
:107D1800EE48A97DF8A4D2943478A04B65D98D8C0F
:107D2800E23E404D0D27943280846082C3E708B458
:107D38003F37D6A20E07C6504DAC863A292845A330
:107D4800EFA4C02DD368897FF0710011BFC299C418
:107D5800E71FFCC20AD8F41D64E2B9A9FF2987D33A
:107D6800BB3906F22F72B4BBF744776019BBB1EB8D
:107D7800E869001DB8E3CFD9C8DDB8D8F9C5D5FC86
:107D8800AB93C0ECBF2A6EE54EEB1336E17B8D2436
:107D98006CB37F03F64CE887B0E8648EBEAF8C33D3
:107DA800144F9E333B5CAE212F651547223A200BBA
:107DB800E35D00DCE588454376E6D2FF94F98A1C4A
:107DC80063F6D853E64DAF6C829C7BD4E312BF7B3D
:107DD800EEC280BC27DF580E56B37B6C725A1C6CFF
:107DE80025B9618CE70986A881AEE0A5CAEF73546E
:107DF800EFB57C6397E563CA153D5B1D8A046F4345
:107E0800CC6C85965C77729F11EFFB6D98CD0B1A41
:107E18002E8AA2795011B8FD2D6C3CD5F705A00D1E
:107E28007775A5497233D75B048AFC1CF43BC335CC
:107E38000DFDDDA63BF53439A442ABA453F86C2202
:107E48001FE72129F927D9160A09E28FC197244586
:107E5800F8CCE6C62EB42174F8000A37915BFF52BD
:107E68007CA09DF6E46BFFD280A352FE16D05B6A1D
:107E7800F4A0EC193F29FBB0F58EB44602F1AF7DB2
:107E8800185429E80781A28C30BE24A801830CA5C8
:107E9800FEE0E207236818EE4DC8D110C6D86EB2CE
:107EA800FB2FBC370E4DED482E3711D920EEEB8A4B
:107EB800662E2AD8976DBF2AA319F7618A2FA69D27
:107EC800D505155755596005B17CB04A23FDB3FA5D
:107ED80072E73AB829948B678E5456F25737FEEDFD
:107EE800E829FA888C1525C1FB7BE63BB6BAD1D5C3
:107EF8009B5BFA67A96391A36E775383E7288FC2C8
:107F0800F63FC26AC95F75B8819421E727CD6B65D2
:107F18001B6FC48501CE0EDAB40EEE5FC5B20F72C8
:107F2800B84EBDB54D2FB57C6CAD0696613AE74AA3
:107F38007F6E025A0449331E92AE712EC442015D0F
:107F4800646C1CD576284231B262210501A0CD3A75
:107F5800B4E8BC3AE1CD50532B7B54BDF6D5712D16
:107F6800EDA4C60A104866F5E65EB674BEB7A71556
:107F7800458CCBE551B4049737C771CC0B2D610202
:107F880090610B14641158ABD8F1622202967DDA25
:107F9800D6DAB4FB8F689AC9C26DAD9A6DEC19CD6B
:107FA8001F1774CBE4E5DC6F3BCFFD536A60B5F572
:107FB800B1ADCB24019C1E0D2F5332EB0B1AD1E22D
:107FC800F48FF4AB9DF55122320E8CC091FA5F8587
:107FD800133A9344060C2940D59D33786C01899255
:107FE800864BEC748703D5E6DFBDC3B1B98D25AAEE
:107FF8007D43349B287C178481270C09F2F741BD07
:10800800A1DD57F7733F61319ACDE7DC013D3A0BAB
:108018006366E8189641A3538E56286440465E1C52
:10802800C4AA2828FBCBE5F571F378AD61CBF2241F
:108038008C1197C7A63690974F646715BF302833C1
:108048004233A0480854B8B8F13D633E4E5002543C
:10805800428817A76CA2AADAB1211686E9A41743A9
:1080680033C46D978F273D7C1304FC4FDCB0427BF3
:10807800B74A0F781FE4411E3E2AE6F70FDDB96CB8
:10808800E20F7189DC72C822F1BEB31932903AB49A
:1080980075BA1F66B88AB0407D36F4A1FD1FA6A345
:1080A800A6750756B82CFEE69D3C0D682692B19B36
:1080B800AD4CC1B917F995841D0C6BD0A4E91F8C80
:1080C8000535FE3697C043AB25FBF9FB198B42EB10
:1080D800855520D9BE6487C9E947AB43D07026FCD3
:1080E8001F1F1EE9C97E296F2A72E58A7B7F7AC421
:1080F80004A25F06A519030DC56622323996F0D38E
:108108000FE4C90B32A483167486D856C088B0749D
:10811800EFDFDCE4F756577489E169EED9427863FA
:108128003911D6D44692D3D2F57EB027FCB22B5B58
:108138003E2BDB3B93AA6AB0A7A4559F523EC84C7E
:10814800B98847B4CAC7EB9F4AF082B47974EB2B5D
:1081580072F3215B98F15DFDE16D5F0C169D393C72
:1081680008BF486BDD7B1B5B23C80FC5CC1095048B
:108178000884F7841E02D9395C55C87D5F6BF813F3
:108188006EF86D754DA185053864D3939BD0EACB05
:108198006DC0219A8ED8476739F81C2BB0AA8EDC9F
:1081A8000F8C49AACB5201C1B75D4CE25166F3E48A
:1081B8008FB84F458A65A8A3F8C1865A18DB28F3FB
:1081C8000DD559CA9408DA8CA091887192F4F0946C
:1081D8006B6F9925208E18EEC58B27C9CBC070838D
:1081E8000CA226150AFB5E4845A81700BC0238BB3E
:1081F8005218E6FA2E769C2A29000FB86A036FAC4B
:10820800C79EAA0F6F30257F4AB1B1C858B811F57B
:10821800F5F7BCE0EC974E1DFB2D7E702BB02CE2E1
:10822800264725D0BA6F51BB3DF677B972A8A9DAAF
:10823800EC19D83FEB3704D9DF4B2F01355C24CD3F
:10824800350D55B0B2AA2CF60009262A909128AA15
:10825800057F425F20D2EE940B38569268C193BDD9
:1082680015B3DA6F29912732AB1B665B8F03DB8569
:108278002B091A804D1CE5503B3811E318B13B928D
:10828800FC718A71944AC66CDD30EA0D698C474AE4
:108298002285D19E60327B0EC07B9DB5CEF7235DD3
:1082A8002081A5AE5E6F85A8F58E257CF9FDDF657A
:1082B800D6C61A41881647CA8712EAC44286BB72D4
:1082C8004ACF9DCE762BE0E51D43D4EF46313F15CE
:1082D800FE24CA217DD57287C6739C572C3164024F
:1082E800FFE80A11FB5E342171D6CC9EE5BCC83A82
:1082F800FF53B5FE3C27F643634A032622C7AC2D3D
:10830800F2178BF364188C58C31F8042C13C508A03
:108318005E66BE1C70610D3AC18734FA0C1C859DDF
:10832800F360F42CEAEB089CAC22B033759929A5CC
:108338007D558CC312149AFE04BE3C8B28EE99B26C
:10834800766FB34C4CEF12D167EE02A09D8AE6D54A
:1083580097C074A3940914B3160BA01871F56EC2D4
:1083680015537D937040DB1566518ED1E864B9FAD8
:108378007FAB737C1FF39377DECD0269B50309EDFC
:108388007164B38D5AFE084B397B41874BBC563517
:1083980090F3746289200E292C61EB3FA6380222E3
:1083A800F6BD0B522525648FE9C48EF650CCCE1A43
:1083B800884950BD095CD9EDEAA5414E20C4FA0DA3
:1083C8007BA264325FB419C21C08A0656F02E66A1A
:1083D800A98AEBDD2E4873A02D926FDD6A872D7D6B
:1083E800AB782BEDE96F9D06291A3F147951A0450A
:1083F8001A6FF702F8285F64A943D1ACC5C34D5280
:108408007F21AC079B19C6AD9E3928F5CCF73FF7FD
:10841800BE4928E858400CCF6EE13E4D1A0631E0BF
:108428002EC561D8A83FDD69FA8D9E84C2929FD877
:10843800287ED6377A629E0BAD2D6E3CC4DCB0CF59
:10844800255CE1B8323FD024F0FB0017168910A84C
:108458002CF3C55755A7054686C7D3AFB5F279BFE4
:108468002D0F0467102D43E010FFA8669FEC678767
:108478000EF8B3882D13D98292ABD0DE1782DC9028
:108488002A6FA37980026DBEE41DA33016762448B6
:108498009CD46396C41301DC7806D08853577B5F5D
:1084A800E88B2CA6E2EECE7ABF31E3415C9CE06714
:1084B8002B6CA84960C84C189D7A04F9FBC78C70CE
:1084C8000AE98CC69B76EB37E0EBEAD2FBC08F1744
:1084D8006BBA1329D09C96555CF2526A8D291B0001
:1084E800A5F65C194190B0F34518E6A3C5A4C838B1
:1084F800C6CBB3F6CDAF9691B729BB1B64DFAC2FC3
:108508000A09EDFBE6D6088AB6B10A7F78D2F18867
:10851800CB3432144BE02EE8502DBAC7DD04129F3D
:10852800B5D3252460258C4E0688EA0E3420D5A7BD
:108538002E9E3BCB445E5D2C2A1466B67367CAB088
:10854800C961724471B7510377C6089D0FBFF6D74A
:10855800C9DACDABB6CE9361865A6B2528CB56C007
:108568003190689B70BBE5C7767D84EC28C9D6F846
:108578004F2BE274AEBB47A55AAEAF54F2B2CDEF63
:108588006C029A85FD181B995A5708BA8CDF69370F
:10859800CEE9CD6AA6E789FB5A36C7023EA40D206C
:1085A800CF250D5AE76DCF5D9CB82FCB617949185F
:1085B8004E18E2B50AC2B53F5A74087344847D0F59
:1085C800BD824D3A3FF8D410EB24D15842E47C6880
:1085D8002E8152D5EE40C7721AB816E07A90737F92
:1085E800DFB29FE5760C96D46D1DA92992126547D6
:1085F8003C4E8D0A6A739AB65F41D291AAD17D50DA
:10860800188D42FFD0F4DEE3D25CE9E16388AC095F
:1086180026C6F110820D6E81A0C02659A4F3C81E8B
:1086280030A24B203308E12727DDDF9008364226A9
:108638003861BACF197E49453853CC288185A33192
:108648003FE38F4055130B6A07D7AB031EEAF45676
:10865800DF6FAFAF8D62DE08F48ACEBB499EE14181
:108668003A1CB29F001F8FAEADA86172FE16D37977
:1086780075E35870181980CC903216CA1268F36ED8
:10868800B1075E819B85B9F0B8BD9C2444D36DB613
:108698009C23086E88C3A49204675B9CFCE8E8A14D
:1086A800206F215E4CC94A349DBB05550A25A59902
:1086B8009D5477B10E302056F15EC4EDB21E208E67
:1086C80023F6A13EC7DDC779B2F1A4C6D93EFDE9BC
:1086D8009ECDF7D18524AD1BAE14657E610578FE6D
:1086E8002281DEE1412E43BD57C83BB797C835C646
:1086F8009FBA880E03D729DF5B2DFA0F2FF3B0D16D
:108708002F7E5F03E668FBC4C5A81C6BDAB80C763D
:10871800324562ECA411D7A694B4B0D33FDA6861AD
:10872800D3B6C7DCFC9BEF00A1918B1A5BC8FC5940
:108738007C4B703320A2CC626E8DADA27D33304E5F
:10874800111041BC778F624D8EDB2A8988D3A4290A
:108758006FD2F053ABB6412F41C70C31AE28683EFB
:1087680010673E63237AE689CBE2DEF8C6A52A06BF
:10877800BC43608CB20524EB987F7A40E0DE091197
:10878800B7E3417D61A678D772CF10AE0CE5CDC9AD
:10879800F81E1F92BFDFC4B58F4D4F16091F48DE64
:1087A80037D047A2F555B61395F61FDF61D375E6A6
:1087B80036EFE34D39AC0771676A4067DAE880F154
:1087C80095CDB6C271C1495E88FFBE4CB7C85D96EB
:1087D80028F6E02D3338233CE9A190F497FCF18189
:1087E800C2C5621D38B4F59A5F845F3D75E1B2B9C0
:1087F800BE9E9FF2348E37F82D187D85EAC2E0AE12
:108808005786C816655DE208F76DC38FDEB739F283
:108818001C8117F97E2B426AE53A2C374574EFE53F
:10882800DCCB77C96B3CDCCC2BE623FEA5F946DD17
:108838005C2E16263A1929AEE0A4484606822FCAAD
:10884800479AD0A906A83B8144A5BF6D51E21EAD49
:1088580017A749468B8763E3CBD1E3D5D0AEE4BAFB
:108868005A4C0176D23EF5455CF4B31C39A34882D4
:108878005A77BE9911C73727688FF4A4882EFD95BB
:108888005ADE2C684593E31BF20F754AB5142A4D3E
:1088980087116F871B1C0679B39DB6F272875E5AE3
:1088A800A4D792B73F9540DF0EF6213B9FD5E662ED
:1088B8005112EC580019A5BD65AA25835C998675E7
:1088C80089442FD7D982CD920B7247A84811AA1292
:1088D800A7F5AD387BF80FF0D264DE10E5428705C6
:1088E800DB0903080478745683801FD949CB7F3D80
:1088F8005B7DEEE7E679CB34368616612B2B1B2A97
:10890800DAA668EAE4DE8E2FDE5ADF05C9794B8DD8
:10891800E07D6E0529BCDF4D7F79B8BD3EA2629A25
:10892800575789352CA0FAEBAB1C6C7478B037A27A
:1089380017F336DAFFD9388928CF44CC503466B5D6
:1089480057D710558FA9ABA6D39640E729545FD2C5
:10895800F4AC25BA01A03AC456CD315FC22AB4C5D9
:10896800CB68D68A09C65A62D8A2C09646A280FDAC
:1089780058E3CA6528AD07001B33902E7831C3EA47
:10898800D3689794E103C53C4A0C6AC0A062EA32F6
:10899800DF4B0E7B2F62BF5ED09BB678E19DF8253A
:1089A800B384774B76F335F8DDC598B17594301DEF
:1089B800C224C9A4B48AF49A76A65F0962EF430A6E
:1089C800530AF62BFFF1C8B5D0F98322DE06C86D2D
:1089D8003C546EC4BF91CED750ECF89AB8349F7A05
:1089E800D282AEF45ADBDB7165B69B53A1F000422C
:1089F800B14F961BD9D535136662CCEBFF02C4552F
:108A080053F5E2EE3B61754667F0919BA0701A0C36
:108A18004B4B2A01F31C7E24D535A723BC18E11B38
:108A28001267AD31B496F882CE89E7EA6F554023D4
:108A380025C612DED72F69E0DFEA1B52AAAA4A34FC
:108A4800E8140B513F86D1CFF4C2CC79F33E3C53A6
:108A5800B71002BE2B1C50AD9CD303C1B2F1274402
:108A6800486C628EA071310B19345208D220C07C38
:108A78004AD7D061F5B044697866C2B07703356BE0
:108A8800A7A77E908C54B955185B105E3BBE3BB3CC
:108A98004793ED7F293C4A37C00C4DE61DC394A48B
:108AA800465F2D4F0AB70C911A68D62F3B486D9C2C
:108AB80001E154A0232577F3A8F3D097D335B18BE0
:108AC800EFCBF42F447F3EDC7E252FBCA2ADA8EC73
:108AD800EE724BC0E1BCFABE0CA85804153F77FBF8
:108AE80028B0EBF021B0531865E3AACD392BCBC3DE
:108AF800AD829D1F7FF72F7ACDB1B0754E98CCD43B
:108B080063BF9C1226080D618D709711565CF27335
:108B180051F5B4FDF609F0037FE07EA959B166640A
:108B2800D1F1D4CDF3F911A5E8C56860D92CE25C80
:108B38004882D522E07FDCC71A56B7D89C58EC4B40
:108B480043A0F4AD09E690E81AF08EF3FB38CA2C7E
:108B58002BE46C425AAFF18A1591664BCCCCDE3BC4
:108B68004CD7917226E0162C20F0A5822DCE5A0300
:108B7800426CFF9D007BF24E40AAF93A323CCE147B
:108B88004595F46C1637D1721F74CDD44FC8E9CC13
:108B9800C4288083D54E131083E9026CF84CD1DBCE
:108BA8000AE0D3B398C42BB6F4BC2DA503FCEAE3C2
:108BB80025DF855C5BBD0FD43D3FA81DEC0367F442
:108BC800A4727BD323D096FBF3294736E41A7D930E
:108BD800733F233C70A94299E1E7B38EBF183F84E5
:108BE8004F0A2C0CEADB233FB6D08B47801538BCE4
:108BF800C789CAE376C96E5DE44F84FFF9FCEEAB22
:108C08003345F2E603221C94DB1A6FA6021C3C0EC5
:108C1800301CEC092154CBF64206D31EA767501925
:108C280033D024396518445044E542D77E51562143
:108C3800D2329BD6CEA739321575856FBA91903648
:108C480010836D596E4A081D4AA3E344CCF1A45120
:108C580011FE1BB63C750B7F78F584FC9AAF4F4626
:108C680078F42B86F0C0C2D9FF501F35E3497D7ECA
:108C780060CB75698BC49EBBED48A28D56AF626907
:108C880077B01E983D1C5C870BF850630B0D9AB1AA
:108C9800FE14EB775B9EE1E5F6E076DB4EF9A8A6DD
:108CA80066C769477E904E43A1C557124BFB669E27
:108CB800772FCBA82DFB9521F3CAF0AAE38048892A
:108CC800A4A6642735C4E10EBA76A181A319BBEE28
:108CD8007CE514C8C381976CFC133239311FF1F954
:108CE80065AD35F873734FCA24B2F1F0D816C2C116
:108CF80005039B17501F9CA8192AA648766D9AD67B
:108D080018D6951A4421E6B3F847262C57F1757101
:108D180059FC1AF5475924D1CADBE994B08A11667F
:108D28001830DAC53242EC77EE68765D81098B5EE1
:108D3800F385532A7DA49615E06C86E55C5ED149DF
:108D4800798C52A5A9D9E73A122A10CEDA8C3C2E92
:108D5800FB02344A0ABE2558A3360F764BF63B3938
:108D68007E4F937A3FA503FEDE9C3DBF7574F501E7
:108D7800B3F42895F2DC169C470F90078C00F31685
:108D8800980482646C7F43A0A830E4E97CBB36CEAB
:108D9800AA4F6A8B9CB53FC21E189C51CB4F31D944
:108DA8005DF325BB398CD964F898C4988E4D22E1BF
:108DB8009DC843540A7A6206F995B520C53651F61E
:108DC8000F74A5DB14984329464CBC0B01D91491A8
:108DD800CC5EA834B752364B326CA2B370A2A186CF
:108DE800391DDA0475191FED427B997A4AC8A4BE69
:108DF8005A41CCEBC40C138F72F660C28BDBA1A96D
:108E08005119901E0A159CDA74833AB2EBB980F0B6
:108E1800C2B109F1987C5EB8F31E850A9BCE0BE7B8
:108E280090926BC168E6F81E37488AC3B14CD6DF0A
:108E38001547662E339F757CF629A37BD6B8CBC819
:108E480065F4E7A1B1F22D5339611450D65799AFA3
:108E580084403F4EC2049631AA6C69E8359F4AB8EF
:108E680086302E7E378E0197CD468B215DD3898043
:108E78006739FA9141106AF5FA3DED9988C423974C
:108E880023D70C6074DB57C9226661772269864F45
:108E9800B674F68F00A16BABE3E188CFD402E25839
:108EA80062B146BF9227C20D07A37A06A897AE60A3
:108EB80031F9A650EADED16FE94F0FBE3D63327734
:108EC80022A6AEDFFA384A405C92BD95718C30100C
:108ED80074759630A9F243220E3DB12D6C4075078A
:108EE800A1E9CE009CC0CE84D8A022E43F7A7B3F83
:108EF80002C756EFB9B678E64DAC955C62E4252812
:108F0800FF164FE27A3EBDFD18F8C6386BBBE08FFE
:108F18000F38D70D1EDDC19FEFC1B28010C78C98E6
:108F2800C166383D62CB313980C75149F11FB0A0C5
:108F38000C8B17D2CE92EC5B5C7B81F110F33CB7C3
:108F48006D49C45DFB700A746C3B1FDA778032D0C0
:108F580060F4D1B2551D7916C2AA3862629A1BC74D
:108F68000C38C0825099FDB00481A2AB761766FF19
:108F78006C997F6D03FEFDD24789A713FC7CD3E86B
:108F88006A797D9C41C26BEEDEA670FD7358033092
:108F980044C7A2730B3E4D8CA9D3EC45E41BA42710
:108FA8008ABCCF43B4032A2A582F248C3D2EC31FD2
:108FB8008B3FB3AC8DCD4A48C92ECC347C5AD308EC
:108FC8006F8DF4230D453F67246D851FEF8D506F1E
:108FD8009A9EF0CC8D6665058C466BA77DA7AC780C
:108FE80089EAFAFCABDCE1A315E3B86E20EEBF40DA
:108FF8006F5E30138F355AC1D09A4DD6E7B5DD571D
:10900800B9E18E3487CE14430A31487B176832F8A9
:1090180074E818DB86E34621D71FAEC38DA17FEF26
:10902800E525D8EBF13D90873F09D70AE996FAD7AD
:109038008ACBF704FC12C2E5705552B2CC5548C031
:10904800D915578BE48012CA6AF2D699F755E8A762
:10905800B4B6316436E0F0A87D77B6216356C9B05E
:10906800B47D5854F065580E3D3444E8F7C28588FD
:10907800E932B8BBAC82446CF1578650BEB6C89F83
:109088005EB0964A85B0A650716782BE63930D475D
:10909800BD8447A540C9B93256046A069ACB0E501A
:1090A800C8D9309582D29C949B5945CF12F2F36867
:1090B800F0F6B17A893E68F689C34377FA8F2F7F35
:1090C800445677F506C827D9718B225C0270AB1815
:1090D8003275F71A0DD85CBB89E8ADE46CF3D80F8C
:1090E800BDC6B12AF8A43D1DB5C1042DC0792337EA
:1090F800F9F3F7C5F00F607F6C313795E77DC12034
:109108008A8B71C8AF625E640C525CF166BD5B8786
:10911800B0628A27EC841F06C6035449F8947B90F2
:109128003131C9171EC39EA069F44080918654A8A6
:109138008747B1F8EAE818C29BF70C3896FA62BF7D
:1091480032A8497762268DED41D71D13C2C29FD838
:10915800FAFE3998288ED98F7E5062AB2E0BA7CF96
:10916800F6A7E7A87582082953CF36621D3CDCF7BD
:10917800B31B0F47A789CA4B56774DDA2B6F26E0EA
:109188005B0366B6B4A19777396BEA34F47BD438BD
:10919800B43FB45944AF73157A37B68C8307282F78
:1091A80099004969325510B3FC92E645CAED931708
:1091B80045E76E8691A648D10FB996FD1C8EF7003B
:1091C800A76AEE09B8CB9FFE726FF8D648EECB6758
:1091D80015C250E61A90C59CC044106EFD39117036
:1091E800B2940FD61F39A33A06E060A7DFAEDD4878
:1091F80034295F3906BEC35845D0BF1F0179705F57
:109208008C3845CCC6EB470DB6B5A06F9618AF069F
:10921800CC83FA234592856F1270E0D77F364411CC
:10922800BF22011370216AC9931F971E62B4E829EF
:10923800AFA722FCB048CEAB61FC93A6A638F33E9C
:109248003E4512731F56C1843C2AFD8D5B02965918
:109258000EFEAD9CD82F03E65C376A35BC79F24E1A
:109268001F326DACA1A54540FB923AFC95F45E76A1
:109278006F89D24366DC8722890EF544728F3A6182
:10928800797612B2397FDB1E403EE6AABDFF26B9C9
:1092980049CDAD5DFE06197C102371123A3642AEF7
:1092A80058016D6DA78C5FDA878621DB33BBEE969C
:1092B800A8BBD28260F59DB8F51AEE63B4C08A8166
:1092C800BB99ED0D2498D297A8CC8048A07EB8E62B
:1092D800249D32E2022937F51AE6A3F0C6B918F13F
:1092E800CB4193D257A37153F143F3390DB5ECC970
:1092F8002BF92C3DE4DAB33187DF3C81AACE88DE36
:1093080086BF123090E5C92A6B23D4E592C3D5797C
:109318008691ADDF639C0B481DBF1B5D35B8B16EF0
:10932800E75D6DEF36164DEE961A4B94DC351D56FB
:10933800C7E6D200056F8F8CE086842C7B4E79417E
:10934800444FED8F5D02C0A3B150EA070F2E4526AA
:10935800A4EB5260AE7B02C1C7CC25BF9855213122
:1093680045959250FBF144676C6975766359D50948
:1093780065F123BF0737E60542469DCE53945D1E2F
:10938800A2B2274E1A98DB39AB768E20182F41C629
:10939800B088C0A1E4ED6F5B39EB4198A35425D1A7
:1093A800A3C558919CC05FFD8E4E11514ED989E9D5
:1093B800A37EE77E169EC49F9CD2DEE9E5A2EDFE61
:1093C800A05CD8F1B7FFD2B0E104B0C295C2D19980
:1093D800A0E7671EF48610D273987F7ACEB9B58E4F
:1093E800A12BA72E310D5674C43D2FB3233419B6C3
:1093F800A19018C152EB9416D6A1E00B884F7DA11D
:10940800954C20C427083ADFE2F7115285F7A704E4
:1094180095F79F2BE47FF8BD7068DEEA3E8CC31396
:10942800943B5F1BA1F7BE1BC7CD8E23D3016F2BC7
:109438009480E0F4E29C7C79D551419B787A0B3C8E
:1094480097A2DF7B2AF03356A8872FB0081A375B1C
:10945800971960946989F1343A1BE0089361534C79
:1094680096D5A0A4AC00B7928DBEB0C17EECFF74B7
:10947800966E1F4BEF7975F09F227F79D5979B6386
:109488009091DFBA3CDB29CC76126C979E2C87BB77
:10949800902A60557FA2EBAEE48FA32F2557E3AC4B
:1094A80091E6A065BA2FAD08532AF3E6C8DA4F94BF
:1094B800915D1F8AF9566F6A41B63C5E63A12B83A2
:1094C800927F2005517D20453C60527513C117E4F9
:1094D8008045C7EAD204E227AEFC9DCDC8BA73F333
:1094E800B18907DA578EA4811959CD042537DFCB06
:1094F800B132B835D4F766E30BC502BC8E4CBBDC81
:109508009EF7DE3890F41CF8CB39EAD8B241E67BF6
:109518009E4C61D7938DDE9A59AA2560093A826CD0
:109528009F80A1E7D606983CEE0F75A9E4B72E54A4
:109538009F3B1E08557E5A5EFC93BA114FCC4A4396
:109548009C1921871D1215718145D43A3FAC7624A8
:109558009CA29E681E6AD71313D91B82A4D7123304
:109568009D6E5E581BE391B5A47C4B4B495ABE0BCC
:109578009DD5E1B7989853D7B6E084F3E221DA1C79
:109588009B2A21468B3B0FEB5FD0971DA99AC6C437
:109598009B919EA9884DCD89CD4D58A512E1A2D3A6
:1095A8009A5D5E990DC78B2F7AE8086CFF6C0EEBFD
:1095B8009AE6E1764EBE494D6874C7D454176AFCE2
:1095C80099C4DEF946D2066215A2A9FF2477569BF4
:1095D800997F611605AAC400873E66477F0D328CC5
:1095E80098B3A126802182A6309B368E92809EB4A5
:1095F80098081EC9C32C40C42207F93639FBFAA3C0
:10960800823BDD3C083A76915160E646EA9A25FAB3
:10961800828062D34B43B4F303FC29FE51E141ED50
:10962800834CA2E38EC8F255F4597937BC6CEDD55A
:1096380083F71D0CED2E3037A6C5B68F171789C2D4
:1096480080D5228385C97F181B13D8A46777B5A551
:10965800806E9D6CC6B1BD7A498F171CFC0CD1B2C7
:1096680081A25D5C033BFBDCBE2A47D511817D8A64
:109678008119E2B3404139BEECB6886DBAFA199D3A
:1096880087E6224293E26582C5819B83F1410545C5
:10969800875D9DADD09AA7E0971D543B4A3A615229
:1096A80086915D9D1510E14660B804F2A7B7CD6AB2
:1096B800862AE272566E23243224CB4A0CCCA97D2A
:1096C8008508DDFD9E036C0B8FF2A5617CAC951AB5
:1096D800A7323A125D77AE69DD6E6AD9A7D7F10D68
:1096E800A6FEFA2258FDE8CF2ACB3A104A5A5D3531
:1096F800A64545CDDB962AAD7857F5A8E121392254
:10970800AB017BC0FFA950B678AA1DCCDD2C6485BF
:10971800893B9C2F7CCE92D42A36D274665700920D
:1097280088F75C1F7978D472DD9382BD8BDAACAA96
:10973800884CE3F07A0216108F0F4D0520A1C8BDA2
:109748008B6EDC7F726F593F32D9232E50C1F4DA09
:109758008BD5639071169B5D6045EC96CBBA90CD26
:10976800AEF0E1A031B7DDFB03AE225FF9C385F5AA
:109778004A8DD64F525F809923A1EDE73E12F7E25A
:1097880098D29EBE056462A5EC0140095501433A92
:109798009E693751C64503C7899DB5B1E6B48F2D7B
:1097A8008D6B48618397E6610938DF781BF78B1565
:1097B8008DD0F78E52209B037BFCB3C0BA8CDD02A0
:1097C8008EF2E801097B482C9B8E79EBC8EC386552
:1097D800C6B570EEC3FA9E4EF4EC9153FF5F3F722C
:1097E80007BB97DE46E267E81BD9699A4DE61C4A33
:1097F800873E7031A5E32A8AA51987228D6C5E5DA4
:10980800E4FB74D5A89FCA7AEBE6E828B287A901D9
:10981800F0BF973AE6E05018957AB49059FBCD1608
:10982800E74A580AA76C0CBE1EDFBC596B55EE2ED2
:10983800E7F127E560EDD7DCDDBF54E14D6F8239F4
:1098480065D3D16AF9779BF3A11A6DCA0A86085EB7
:10985800F468A785DA88F191668072726A34D24911
:10986800C775F8B5077E8837E77D1DBBEA85417166
:1098780041EA4F5A4D7B7D5517F8E503A1821266E0
:109888001327B0AB3F514869990F2EEDACB0B8BE65
:10989800835BA7440CEFEB0BFD5B3155C425EDA9A9
:1098A8000F794074E82BA5AD9B39089C03490691B4
:1098B800E32CC69B7B136FCFEA6DAE2415B4AA8642
:1098C80035864714D73E28E041C4DF0FB6E281E170
:1098D800173DF8FBF646EA82115810B77391E5F682
:1098E800487A99CBB6849F24D84AA77E7DA3F6CE22
:1098F8000E290024763DCE462AD668C6E93BB5D95E
:10990800ED86D9291803AE5DD2A870A2F2DDCF7E0C
:10991800CDBF0EC6E066763F8034BF1A7F96646975
:10992800D0C1A9F692F03099D092EFD32B0703510A
:10993800EBC87119F68DF3FBF48C896B0C504A4611
:10994800DE70BE961C64B4D40B59E6401F30C721A4
:1099580056247E79ED55D7B6FA7E29F878D893360D
:10996800EE1F52497AEB1E10EDE0B23141573F0E1F
:109978006E358EA6DB6830729F9C688962A53119A6
:10998800D75AF457077D104EC97C1267B8068FC1A5
:10999800086031B84B03DA2CB5E7D5DF5F7502D61E
:1099A800FBAF3988ADBD838AE3769A16F67387EEE6
:1099B800E9935767CCC398E8F3EA55AE7308E3F91F
:1099C8009A36B9E884A90EC79CBEEA85C56A069E80
:1099D800CB062E07265C18A50EAC283DE090018921
:1099E80029F2A93747E9E5035E8613F4EA12C6B1FE
:1099F8000BF6A0D843A0FD61091A554CC987F4A6F7
:109A0800F84A0D2D2AA79F34B97FD43CF906FDFFEB
:109A1800F37056C28ADE4C5649634B84819D4FE8E9
:109A2800F03CFBF24BB57DF05F2E424DB760C0D0E5
:109A38001067FD1D0E280692CFD5F0F57305DCC71B
:109A4800F0A4F0924E4049BD23EDCDDEEEEA8BA0A6
:109A5800921F1E7D843915DF8991D46648100BB793
:109A6800F0D3CA4D43330379DED452AFA91DCA8F50
:109A7800818902A203CB0F1BEFA92417C38417986F
:109A8800E4114D5371EF65273C1F09F9605A8C406A
:109A9800F62C5FBCA06C0B4598E44141E1436F573D
:109AA800C566328C971CE1E3E8A8BF881DAE446FF9
:109AB800D6DF856345672B81DAB85930A855F17828
:109AC80077FD63EC6F0A64AEA56E371BACB51C1F3F
:109AD800774605039EF677CC15F721A35A4250081E
:109AE800170111333BF23C6A00D3126A58F7BB30B6
:109AF8003B8515DC3F0495089140B6D2D5336927DC
:109B0800F9F1F1D17E3B6613B05208B604B15A8020
:109B18009B4A1A3EBE423A71602E110EA84BDA9744
:109B2800F986CB0E79482CD76D6B97C743461BAF88
:109B3800B8DC03E13BD9B7B585877B7F79DDC6B84B
:109B4800F81A856E91D3859ABB4F6D54935CC8DF24
:109B5800F0A43A81BC4414F8205CC9EC5627FDC82F
:109B6800F86864B17E2E845EB6787D25DCAA45F05F
:109B78007A538B5E32B7903CCC64DF9D493056E710
:109B8800FF2D85AF6DF575008FB6757366ECC53F13
:109B98009E110C40F40A8962164F3DCB93110C2894
:109BA800CD27607062E748C4248FEA02081A0D10B6
:109BB8007F66739F037724A68075A2BAFC6261074B
:109BC800AD4744100B974289CF221D912A03846028
:109BD800CFFCFBFFEAEE80EBCD3F03298D79397787
:109BE800FCB4EACF6D601F4D0B177BE0057E414F3B
:109BF8001C8158202C98BE2F8AB3F358963A9E5849
:109C0800EFD20B251AE07BE6AC5AB40148B29EFDB0
:109C1800CA693DCAE776EF84374915B98DC9AEEAF6
:109C2800C8A563FAFF1D7F22AB6DA170074413D24C
:109C38004A9E8C1569856B40DB7103C8A2DE00C59E
:109C4800C854EA9A7499076FDC47D4E3D65A85A2B8
:109C58002A882875D4FEBD0DF73A295B7924E1B529
:109C680000ABBB4578FB90AB029F289299A9D38D96
:109C780042F1D2AABA03B6C91303F32ABC52E79A2F
:109C88000EEFC45BE12087F535D397C47068354281
:109C9800C7B4C2B465BBFC973A29D77C769467559C
:109CA8005CFE3C84C6543D313F0A2AB50DE3676D1E
:109CB8008C22046B25487853FF10480D5862AF7A00
:109CC8000F8F1DE4DCC48E7C32431026ACEA3A1DAB
:109CD8004BC23D0BA92F4C1E41D6409E7BFDC10AAD
:109CE800EF95FD3B6EAD0AB8F1E98F578774F232F4
:109CF8009A2E42D4ED4EC8DA25E3DFEF009109250C
:109D0800C5F97CD9E97B2DC1311AA88B7806548214
:109D180063DA5C360A9270A311156733AA7D309511
:109D2800E31D0306EB8AA90584B837FA74629CAD73
:109D380069B623E962E16B67E9B8F842BD34D9BA7C
:109D4800B83AA266A085BD48A76A96692F097DDD45
:109D5800C13C628904EDF32ADFB6C5D145053ACA8C
:109D6800C8F0FCB95586868C0CB2B018EF920CF28C
:109D7800C24BCA568513A8EE02DA00A0A0E193E50B
:109D8800AEB178A7F6A53ED271703E4EED20F03DFB
:109D9800C40FA24896E8F9B053E824F6412F2E2ABA
:109DA800C322457867AF9C1664487C3FC8A78A12CF
:109DB800F296FA979333B274DE9DB387BAA361051E
:109DC8006C9D4A18D35A6E5B9A79E2AC829FD26234
:109DD800CCE105F7BDD6633971BD12143549467516
:109DE8006CD80AC705041A9FD6B5B2DD7931254D5E
:109DF800BD3B8A28DCC0B2FD8C2937658BA7145A75
:109E0800DEA5FBDD69EF8AA8E774F515B4DE090362
:109E18000FD9F632A42F24CA6E5255ADD524CD14CD
:109E280039533E0202A6626C397D5864CA30C02C90
:109E38005EE941ED52C29E0E8CE96ADC4849A13BBD
:109E4800DF4B1E629B384B21C43F9AF7CBDABE5CCE
:109E58003977D68D5B481343A387CF4F6B48FD4BAB
:109E68007C2160BD4F2AECE54414598673C54B73B9
:109E78009CAFDF522C492E87439A433E2A86FA64C8
:109E8800F8B681A38E31D6BB8AAA5DD01AF50EBC6E
:109E980084D1634C4F608DD9E9F61B68E886DAAB4C
:109EA8000BD7FE7C086A0A7F6F93D8A171445E9332
:109EB8006A03619382BB121D150F4F190273A284A6
:109EC800F0D7E01C8BFE043230225E321AD176E3E2
:109ED800D12D06F3747CB9503B45EE8A9768FAF4A5
:109EE800C1F85CC3840DCAF686317943E44BB2CC21
:109EF800F85A3B2CE5A585947A29EAFBF5650FDB32
:109F0800F597BF210283C08FB60FB19FC968527CF5
:109F1800E52C00CEA1FB02EDC4937E276213366BBD
:109F280027E1C0FE2731444B8C09E9EE722E3753E6
:109F38002830F811E7C1E629AE258B56E86D444470
:109F48003578409ED01CDE06734B487DB867FF23EA
:109F5800D64B9F7164D5B1647FA890C5A9771C348E
:109F68005688EF41215FF7C21802C00C50FAB00CB6
:109F7800563350AEDC263DA09A910FB4E781D41B2E
:109F8800514C905FBA85619CA366E45AF95E4FC351
:109F9800E09578B07AF8B1FEF1E872E2DE8854D440
:109FA80051B4DF80BD2CF658551E7B2BA445E0EC40
:109FB8005080506FFD0F273A1B32CB93A9EB5BFB08
:109FC800F1DC88E018B7E5154BE415B8D496589C31
:109FD800F21F080FA5931877F901ED002092238B43
:109FE80051E5DF3FC6195ED188A5BDC9EF1F8FB304
:109FF800375660D034219CB3CA397A716A14F4A4F4
:10A0080020B1922A5D4CFC69AFFB6D555156552124
:10A018006A83DDC5FA14B90B882899ED772BFA36CF
:10A028006B4F1DF5999DFFADBD445A24CE34350EB6
:10A0380066F2FA1A130E42CF0B3EB29C39DD331981
:10A04800E4569595986BABE0D381CBB77C756D7E64
:10A05800B4ECDA7A759B3782121F940F09440169B0
:10A06800D4439D4AD1901124C4387EC673CAAD51D9
:10A078006498A5A5606BB34626260B7E8ED24E4605
:10A0880063E505544D4A557A7D161890FB09D59E0F
:10A09800E3D10ABB8A3397183F8AD7286C72B189F3
:10A0A800E21DCA8BC3B9D1BEB82F87E195FF1DB198
:10A0B800E2A6756408C01BDC5B35E9592305D8A600
:10A0C800660B13EB7DB51EF30EE48772F767E5C1E7
:10A0D80069B0DD04BC3DA391D6BADACA501581D661
:10A0E800687C1D34DFB4E5375BE7D603E682EFEE24
:10A0F80079C7E8DB6135C2553042CCBBBBFEC0F93D
:10A10800079106D66C18604E752BB7DF87338B5EC8
:10A118006DB9A039AD61B82CC122B067839D624981
:10A12800C8C13009EAEBEC8A4CB56EAE0D109D71D2
:10A138006F4F16E68CC7B7E8471B7C16B65977668B
:10A14800177FF96964FF69C7BF189F3D2BC41701C2
:10A158006E96C486077326A54B9F50851DF03B1647
:10A168002D1ABAB6E60C75031FF4DF4CF733D32E5D
:10A178006EB9785924752F618D78D0F45148B73964
:10A188006816B8A877D6735D4478C31A0EF3ABE1A6
:10A1980068FD0747B4AFB13F36F40CA2A988CFF6E3
:10A1A8006921C777F125F799A1215C6B410563CE39
:10A1B80069FA7898325C35FBD3AD93D3E6FE5AD969
:10A1C8006BB0D1177A51E0D4CF86DDF80150ECBEE0
:10A1D8006B0F23F8B04C30B6F9B7A0402BAB00A9F1
:10A1E80069C7A1C8FDDBE410EA814A89BF34AE9192
:10A1F8006A7C16273FDBA672192385314AF0A886A8
:10A2080011E267D235BD5927CAAB7341BF7CB7DFAE
:10A218002216783D220A41454A37BFF9988EE3C88D
:10A228007238490DD20FD4E3DD92F530F0CE9EF0AE
:10A23800F04A57E2B226A881FB469F88727FE4E77E
:10A2480073D5B96D391B49AE45769BA3E1C1B98079
:10A2580092DAC7823D2A26CC37CA5C1B85CEA297E4
:10A26800739617B29A460A6AC0B06DD20D66CEAF21
:10A27800702C995D2D305F08E67F1E6AC914B9B845
:10A288005650A7AC2E6A80343E0D5D84A6C57E600C
:10A2980046EB1843ED1342564C91923C11BE1A7787
:10A2A80063FC8573BF8195F00BA770F5CB11FF4F49
:10A2B800725EE29CCBF84592783BB74D6C6A0358C6
:10A2C800787C0713229510BDE57E7166190D3F3F16
:10A2D80078C7B8FCE4ECDADFC7FDBEDE7EE3AB2866
:10A2E8002D3977CCA66699795058EE17876E0710E6
:10A2F8002F82C823C6DFDF1B5622B6AFC57E5C0798
:10A308006CF42E2E23B39600832709CBDB8A8CA00E
:10A318005A4C86C1E1CA5C629ABB6673AF635AB78E
:10A328003432F1F186D372C4611E44BAB205928FF9
:10A338004FE1661EAEE500A61D828F02E0B085984B
:10A348007E1AD1913BBEF2897C8D682955E7DDFFE5
:10A3580078A1B07E83BE03EBFA7F8791F3D6C2E87B
:10A3680009DBBB4E09BBCB4DA86D7258BB91CED053
:10A37800A944AEA16A8DEA2FEA0830E0BEEABDC75B
:10A38800DFE955502C17B21374D3760EFE51AC1F6B
:10A398007A926EBF3A9D47713C9CE4B654125108BC
:10A3A80082A1A38F9BD528D783698B7F5EA80E30A7
:10A3B8007FE51860009E44B580243AC792DA4227A8
:10A3C800103A2EEF4CC8B39ADC8A09EC9F433C4004
:04A3D80089839100E4
:020000040000FA
:10A3DC00E90CCF6D8B81A80FCEA1AA4B1C504B6101
:10A3EC003AD80F5DB00BEEA9DB04FA82F4DD6D599F
:10A3FC003863B0B273722CCBA998353A53A6094E78
:10A40C000CBF88B7A6058202BDCEC4635A1ED3EB1F
:10A41C000C053758657C4060CF52EADBD164B7FC41
:10A42C000DC8F76820F607C658F55B1214E81AC475
:10A43C000D724887E38F0CA42A6B94AAB3937FD335
:10A44C000E517708ABE28B8B77BDFA81C7F343B41F
:10A45C000EEAC8E7689B49E905213539608827A3CE
:10A46C000F2C02D72D110E4F928465F089058B9B12
:10A47C000F9DB7381197CD2DE018AA482E7EEF8C82
:10A48C00096277C9BDDB9111F920B9A6E1C5F35476
:10A49C0047C0C826DEB25373D9B4761EC7BE9743E5
:10A4AC00081508163B381FD5CC1126D72F333B7B0C
:10A4BC0008CAB7F9F841D7B7BE8DE96F604B5F6C2E
:10A4CC000B8C8876B02C8898C45B8744FC28630B73
:10A4DC000B97B19972555AFA91C748FC1B11081C7D
:10A4EC000AFBF7A936DF9C5C90FA1835B2DEAB2478
:10A4FC000A40A94600A3DE3E74FED78D156F553376
:10A50C003C04764B9199A42570096BE92FA8929481
:10A51C0007BF21A424A87147E69EF0518AC3538338
:10A52C00D29B0994176A20E1D149EE987B575ABB0C
:10A53C0006C8F67BAE03118359A76F20C4A5F8ACEF
:10A54C00A19404F49F7EADAC5EB06E0B42C321CBE4
:10A55C000551361BD55A17CE698ECFB3173E02DC88
:10A56C00A32E402BFA802968BBA0177AFA900DE431
:10A57C008E2649C437EDEB0AE3D451C2DBC8AEF3E7
:10A58C002AB7FC35E63B9E3600D4732C2440862B30
:10A59C00375401DA71173454303BC994F44ED63C1D
:10A5AC00339FC4EA3F9006F2D3EAE55D61E41804F8
:10A5BC0060712C05A9DDF1908F5B12E5D9FE1E139D
:10A5CC008237768A9DAAFEBFD0977CCECB842B7423
:10A5DC00008CC96546C942DDA20BB37612FF4063FD
:10A5EC000341095501433A7B2FAEE3BFC568EC5BD1
:10A5FC0003F9B6BAC23AF81963282C0764138E4CC7
:08A60C009BC8754FC93DCE4CFF
:00000001FF
;HEXTOOL v1.2
